Sample in Buffer,Sample in Window,TRIGGER,design_1_i/rf_ss/rf_data_system_ila/inst/probe0_1[15:0],design_1_i/rf_ss/rf_data_system_ila/inst/probe1_1[15:0],design_1_i/rf_ss/rf_data_system_ila/inst/probe2_1[15:0],design_1_i/rf_ss/rf_data_system_ila/inst/probe3_1[15:0],design_1_i/rf_ss/rf_data_system_ila/inst/probe4_1[15:0],design_1_i/rf_ss/rf_data_system_ila/inst/probe5_1[15:0],design_1_i/rf_ss/rf_data_system_ila/inst/probe6_1[15:0],design_1_i/rf_ss/rf_data_system_ila/inst/probe7_1[15:0],design_1_i/rf_ss/rf_data_system_ila/inst/probe8_1[15:0],design_1_i/rf_ss/rf_data_system_ila/inst/probe9_1[15:0],design_1_i/rf_ss/rf_data_system_ila/inst/probe10_1[15:0],design_1_i/rf_ss/rf_data_system_ila/inst/probe11_1[15:0],design_1_i/rf_ss/rf_data_system_ila/inst/probe12_1[15:0],design_1_i/rf_ss/rf_data_system_ila/inst/probe13_1[15:0],design_1_i/rf_ss/rf_data_system_ila/inst/probe14_1[15:0],design_1_i/rf_ss/rf_data_system_ila/inst/probe15_1[15:0]
Radix - UNSIGNED,UNSIGNED,UNSIGNED,SIGNED,SIGNED,SIGNED,SIGNED,SIGNED,SIGNED,SIGNED,SIGNED,SIGNED,SIGNED,SIGNED,SIGNED,SIGNED,SIGNED,SIGNED,SIGNED
0,0,0,3212,-3276,2028,20,-1940,3176,-3292,2124,-572,1,570,-923,924,-572,1,569
1,1,0,-72,-1948,3204,-3332,1996,-84,-1912,3252,569,-923,924,-572,1,570,-923,924
2,2,0,-3300,2028,28,-2044,3184,-3272,2008,20,924,-572,2,569,-923,924,-572,2
3,3,0,-2052,3228,-3284,2044,-100,-2012,3284,-3284,2,569,-923,924,-572,2,569,-923
4,4,0,2040,-60,-1924,3180,-3292,2060,-4,-1948,-923,925,-573,2,569,-923,925,-572
5,5,0,3192,-3300,2028,36,-1948,3268,-3300,2100,-572,3,569,-923,924,-573,3,569
6,6,0,-4,-1948,3284,-3356,1996,-76,-1920,3260,568,-923,924,-573,3,568,-922,923
7,7,0,-3288,2012,-80,-2020,3268,-3300,1984,-60,924,-573,2,569,-924,925,-574,3
8,8,0,-1952,3244,-3316,2052,-100,-2036,3196,-3348,1,571,-925,925,-573,1,571,-924
9,9,0,2036,-68,-2028,3180,-3296,2068,-20,-2032,-924,926,-573,2,570,-925,926,-573
10,10,0,3176,-3284,2060,-92,-1916,3196,-3308,2068,-573,2,570,-924,926,-573,2,570
11,11,0,-4,-1948,3212,-3292,2056,-108,-1912,3164,570,-924,926,-573,2,570,-924,926
12,12,0,-3304,2028,-56,-2044,3260,-3316,2048,-20,926,-574,3,570,-924,926,-574,2
13,13,0,-1984,3196,-3284,2020,60,-1956,3236,-3300,3,569,-924,926,-574,3,570,-924
14,14,0,2032,-60,-1908,3276,-3332,1964,-20,-2044,-924,926,-574,3,569,-924,926,-574
15,15,0,3176,-3300,1996,-84,-1940,3192,-3300,2036,-575,3,569,-924,926,-574,3,569
16,16,0,-40,-1948,3252,-3292,2056,-20,-1936,3236,569,-924,926,-575,4,569,-924,926
17,17,0,-3324,2060,-56,-2060,3208,-3324,2060,-84,926,-575,4,568,-924,926,-575,4
18,18,0,-2028,3228,-3300,1980,44,-1940,3196,-3348,4,568,-924,926,-575,4,568,-924
19,19,0,2048,-52,-1932,3260,-3300,1996,-84,-2084,-924,926,-575,5,568,-924,926,-575
20,20,0,3192,-3340,2092,-68,-2040,3252,-3316,2068,-576,5,568,-924,927,-576,5,568
21,21,0,-4,-1940,3252,-3324,2056,-60,-1928,3228,567,-923,927,-576,5,568,-923,927
22,22,0,-3324,2012,20,-1900,3200,-3296,2000,-92,927,-576,6,567,-923,927,-576,5
23,23,0,-1988,3204,-3316,1996,44,-2044,3220,-3276,6,567,-923,927,-576,6,567,-923
24,24,0,2056,-8,-2060,3236,-3280,2092,-12,-2016,-923,927,-577,6,567,-923,927,-576
25,25,0,3144,-3260,2052,-52,-2088,3276,-3316,2012,-577,6,566,-923,927,-577,6,567
26,26,0,-24,-1972,3252,-3364,1996,28,-1952,3252,566,-923,927,-577,7,566,-923,927
27,27,0,-3280,2012,44,-1924,3176,-3300,2016,68,927,-577,7,566,-923,927,-577,7
28,28,0,-1968,3180,-3292,2028,52,-2028,3180,-3300,7,566,-923,927,-578,7,566,-923
29,29,0,2028,-36,-2036,3252,-3276,2028,-36,-2032,-923,927,-578,8,566,-923,927,-578
30,30,0,3208,-3356,1980,12,-1948,3200,-3324,1988,-578,8,565,-923,927,-578,8,565
31,31,0,28,-2036,3212,-3284,1988,-36,-1960,3188,565,-922,928,-578,8,565,-923,927
32,32,0,-3308,2036,-24,-2028,3184,-3348,1984,-52,928,-579,9,565,-922,928,-578,8
33,33,0,-2016,3172,-3316,1996,-84,-1964,3244,-3284,9,565,-922,928,-579,9,565,-922
34,34,0,2012,8,-1916,3260,-3288,2060,20,-2044,-922,928,-579,9,564,-922,928,-579
35,35,0,3244,-3332,2004,52,-2040,3216,-3332,1988,-579,9,564,-922,928,-579,9,564
36,36,0,44,-1964,3244,-3308,1948,-100,-2060,3188,564,-922,928,-579,10,564,-922,928
37,37,0,-3304,2036,-72,-1956,3208,-3324,1984,60,928,-580,10,564,-922,928,-580,10
38,38,0,-2028,3260,-3276,1948,-4,-1932,3196,-3356,10,563,-922,928,-580,10,563,-922
39,39,0,2056,-60,-1948,3228,-3284,2044,-44,-1972,-922,928,-580,11,563,-922,928,-580
40,40,0,3220,-3332,2044,-52,-1948,3224,-3300,1980,-581,11,563,-922,928,-580,11,563
41,41,0,28,-1972,3244,-3292,1988,-84,-2060,3212,563,-922,928,-581,11,563,-922,928
42,42,0,-3336,1988,-64,-2068,3260,-3308,1992,44,929,-581,12,562,-921,928,-581,11
43,43,0,-2052,3188,-3300,2044,-92,-2060,3292,-3292,12,562,-921,929,-581,12,562,-921
44,44,0,2048,16,-2060,3228,-3252,2004,-92,-1956,-920,929,-581,12,562,-921,929,-581
45,45,0,3252,-3292,2060,-28,-2056,3236,-3292,2024,-582,12,562,-921,929,-582,12,561
46,46,0,0,-2044,3220,-3316,1956,-68,-2044,3260,561,-921,929,-582,13,561,-922,929
47,47,0,-3292,2012,8,-2060,3284,-3320,1992,-84,927,-582,13,561,-920,928,-582,13
48,48,0,-2068,3212,-3284,2060,-60,-1996,3268,-3284,14,560,-919,927,-581,13,560,-919
49,49,0,1996,16,-2028,3228,-3288,1972,4,-1940,-919,927,-582,14,559,-919,927,-581
50,50,0,3244,-3300,1956,52,-2040,3184,-3276,1996,-582,14,559,-919,927,-582,14,559
51,51,0,8,-1988,3268,-3324,1996,60,-1952,3180,559,-919,928,-582,14,559,-919,927
52,52,0,-3300,1964,-24,-1964,3300,-3236,2004,68,928,-582,15,559,-919,928,-582,14
53,53,0,-2008,3292,-3284,1996,-60,-2084,3228,-3284,15,558,-918,928,-583,15,558,-918
54,54,0,2012,-20,-1972,3252,-3256,2036,52,-2068,-918,928,-583,15,558,-918,928,-583
55,55,0,3192,-3284,2012,-20,-2004,3216,-3252,2076,-583,16,558,-918,928,-583,15,558
56,56,0,-56,-2076,3204,-3308,2048,28,-2020,3196,558,-918,928,-583,16,558,-918,928
57,57,0,-3304,1964,68,-2084,3252,-3236,1960,4,928,-584,16,557,-918,928,-583,16
58,58,0,-2052,3252,-3292,2036,-52,-1964,3292,-3284,17,557,-918,928,-584,16,557,-918
59,59,0,2048,-4,-2084,3212,-3268,2052,-36,-2024,-918,928,-584,17,557,-918,928,-584
60,60,0,3284,-3308,2060,84,-1956,3228,-3316,1956,-584,17,557,-918,928,-584,17,557
61,61,0,52,-1972,3252,-3300,2048,-36,-2092,3212,556,-918,928,-584,17,556,-918,928
62,62,0,-3336,1988,68,-1972,3232,-3292,1984,76,928,-585,18,556,-918,928,-585,17
63,63,0,-2020,3196,-3276,1956,60,-2004,3284,-3292,18,556,-917,929,-585,18,556,-917
64,64,0,2008,40,-2092,3204,-3256,1988,-36,-2060,-917,929,-585,18,556,-917,929,-585
65,65,0,3240,-3308,2036,68,-2080,3232,-3316,1988,-586,19,555,-917,929,-585,18,556
66,66,0,8,-2068,3228,-3316,1980,-36,-2084,3180,555,-917,929,-586,19,555,-917,929
67,67,0,-3268,2060,-16,-2092,3176,-3312,1960,100,929,-586,19,555,-917,929,-586,19
68,68,0,-2060,3300,-3292,2012,-68,-2084,3196,-3268,20,555,-917,929,-586,19,555,-917
69,69,0,2044,-12,-1956,3260,-3280,2020,-52,-2092,-917,929,-586,20,555,-917,929,-586
70,70,0,3192,-3276,1940,-52,-2136,3232,-3244,2008,-587,20,554,-917,929,-587,20,554
71,71,0,-8,-2044,3236,-3268,2064,-44,-2000,3236,554,-917,929,-587,20,554,-917,929
72,72,0,-3304,1980,52,-2108,3260,-3304,1956,52,929,-587,21,554,-917,929,-587,20
73,73,0,-1992,3212,-3308,2028,4,-2084,3268,-3260,21,553,-916,929,-587,21,554,-917
74,74,0,1984,64,-2076,3236,-3296,1988,-4,-2068,-916,930,-588,21,553,-916,929,-587
75,75,0,3200,-3300,1988,-36,-2144,3284,-3308,1916,-588,22,553,-916,930,-588,21,553
76,76,0,36,-2060,3252,-3292,1948,84,-1992,3188,553,-916,930,-588,22,553,-916,930
77,77,0,-3308,1980,-40,-1988,3216,-3316,2044,-28,930,-588,22,553,-916,930,-588,22
78,78,0,-2084,3244,-3284,1996,-4,-1996,3228,-3308,22,552,-916,930,-588,22,552,-916
79,79,0,1992,64,-1996,3228,-3252,1996,92,-1988,-916,930,-589,23,552,-916,930,-589
80,80,0,3236,-3300,1948,4,-2056,3192,-3308,2040,-589,23,552,-916,930,-589,23,552
81,81,0,52,-1996,3284,-3292,1980,68,-1976,3252,551,-916,930,-589,23,552,-916,930
82,82,0,-3308,2004,28,-2092,3284,-3264,1968,12,930,-590,24,551,-916,930,-589,23
83,83,0,-2040,3220,-3300,1964,76,-2084,3268,-3308,24,551,-915,930,-590,24,551,-916
84,84,0,1996,4,-1996,3236,-3288,2020,-12,-1988,-915,930,-590,24,551,-915,930,-590
85,85,0,3224,-3252,2036,12,-1980,3284,-3236,2060,-590,24,551,-915,930,-590,24,551
86,86,0,68,-2020,3268,-3276,1940,-44,-2092,3316,550,-915,931,-590,25,550,-915,930
87,87,0,-3336,1964,100,-2068,3200,-3264,1976,60,931,-591,25,550,-915,931,-591,25
88,88,0,-2032,3276,-3284,1916,-4,-2004,3276,-3284,25,551,-916,932,-591,25,551,-915
89,89,0,2008,4,-2084,3276,-3324,1948,52,-1980,-917,934,-592,25,551,-917,933,-591
90,90,0,3220,-3308,1956,-4,-2136,3276,-3276,1940,-592,26,551,-917,933,-592,26,551
91,91,0,0,-1988,3260,-3276,1992,-20,-1976,3172,550,-917,933,-593,26,550,-917,932
92,92,0,-3284,2004,-24,-2076,3200,-3324,2036,116,933,-593,26,550,-917,933,-593,26
93,93,0,-2032,3244,-3268,2012,-20,-2020,3260,-3268,27,550,-916,933,-593,27,550,-917
94,94,0,2008,4,-2044,3236,-3296,2012,84,-1956,-916,933,-593,27,550,-916,933,-593
95,95,0,3208,-3252,2028,68,-2096,3268,-3220,1964,-594,27,549,-916,933,-593,27,550
96,96,0,40,-2052,3292,-3244,2048,-12,-2068,3284,549,-916,933,-594,28,549,-916,933
97,97,0,-3268,1924,84,-2116,3252,-3272,1972,4,933,-594,28,549,-916,933,-594,28
98,98,0,-2056,3324,-3284,2036,12,-2052,3228,-3284,28,549,-916,933,-594,28,549,-916
99,99,0,1992,88,-2084,3244,-3252,1956,20,-1972,-916,933,-595,28,548,-916,933,-594
100,100,0,3252,-3260,2020,36,-2120,3200,-3276,1956,-595,29,548,-916,934,-595,29,548
101,101,0,40,-2012,3284,-3276,1992,92,-2108,3204,548,-916,934,-595,29,548,-916,934
102,102,0,-3320,1956,24,-1980,3240,-3268,1988,116,934,-595,29,548,-916,934,-595,29
103,103,0,-2060,3204,-3252,1972,116,-2100,3260,-3268,30,547,-915,934,-595,30,548,-915
104,104,0,1992,72,-1996,3260,-3264,1964,68,-2092,-915,935,-597,31,546,-915,934,-596
105,105,0,3240,-3268,2036,116,-2104,3252,-3308,1964,-598,32,545,-915,935,-598,32,546
106,106,0,68,-2068,3268,-3268,2016,108,-2084,3284,545,-915,935,-598,33,545,-915,935
107,107,0,-3360,1964,24,-2108,3284,-3236,1968,132,935,-598,33,545,-915,935,-598,33
108,108,0,-2068,3300,-3252,1980,-12,-2060,3220,-3252,33,545,-914,935,-598,33,545,-915
109,109,0,1972,120,-2020,3236,-3328,2052,76,-2100,-914,935,-599,33,544,-914,935,-598
110,110,0,3224,-3316,1988,116,-2112,3248,-3284,2016,-599,34,544,-914,935,-599,34,544
111,111,0,24,-2004,3236,-3276,2016,92,-2068,3220,544,-914,935,-599,34,544,-914,935
112,112,0,-3268,1964,132,-2084,3216,-3268,1980,140,935,-599,34,544,-914,935,-599,34
113,113,0,-2052,3260,-3276,1972,140,-2084,3276,-3268,35,543,-914,935,-599,35,544,-914
114,114,0,1992,28,-1996,3236,-3296,1988,36,-2100,-914,936,-600,35,543,-914,935,-599
115,115,0,3256,-3332,1956,108,-1980,3276,-3284,2000,-601,37,542,-914,936,-601,36,543
116,116,0,76,-2052,3188,-3284,1932,92,-2024,3212,540,-912,935,-601,38,541,-913,935
117,117,0,-3260,1924,108,-2116,3324,-3268,1944,124,934,-601,38,540,-911,935,-602,38
118,118,0,-2040,3284,-3268,1932,140,-2028,3268,-3236,38,539,-911,935,-601,38,539,-910
119,119,0,2024,104,-2076,3260,-3256,1980,100,-2004,-911,936,-602,39,539,-911,936,-601
120,120,0,3264,-3292,1988,12,-2012,3260,-3292,2016,-602,39,539,-911,935,-602,39,539
121,121,0,56,-2092,3268,-3268,1956,36,-2092,3276,539,-911,935,-602,39,539,-911,935
122,122,0,-3264,1916,48,-2100,3232,-3264,2004,36,935,-602,39,538,-911,935,-602,39
123,123,0,-2084,3228,-3332,2020,116,-2124,3228,-3276,40,538,-911,935,-602,40,538,-911
124,124,0,1956,112,-2092,3212,-3280,1940,28,-1988,-910,935,-603,40,538,-910,935,-603
125,125,0,3292,-3268,1988,36,-2028,3260,-3268,1924,-603,40,538,-910,935,-603,40,538
126,126,0,100,-2092,3236,-3292,1932,20,-2124,3244,537,-910,935,-603,41,537,-910,935
127,127,0,-3320,1964,116,-2132,3208,-3260,1956,44,935,-603,41,537,-910,935,-603,41
128,128,0,-2048,3204,-3236,1900,172,-2084,3236,-3260,41,537,-910,936,-604,41,537,-910
129,129,0,1984,136,-2092,3236,-3244,1980,44,-2124,-910,936,-604,42,537,-910,936,-604
130,130,0,3208,-3260,1996,4,-2028,3248,-3308,1924,-604,42,536,-910,936,-604,42,537
131,131,0,132,-2060,3252,-3260,1900,28,-1984,3300,536,-910,936,-604,42,536,-910,936
132,132,0,-3328,1964,116,-2060,3224,-3296,2004,44,936,-605,42,536,-910,936,-605,42
133,133,0,-2084,3284,-3244,1980,116,-2140,3244,-3244,43,536,-910,936,-605,43,536,-910
134,134,0,1960,12,-2036,3284,-3288,1924,76,-2092,-909,936,-605,43,535,-909,936,-605
135,135,0,3232,-3268,1916,116,-2128,3292,-3236,2016,-604,42,536,-910,936,-604,43,535
136,136,0,56,-2044,3220,-3364,1908,116,-2124,3228,536,-910,935,-604,42,537,-910,935
137,137,0,-3276,1956,116,-2140,3268,-3248,1896,12,935,-604,42,536,-910,935,-604,42
138,138,0,-2140,3212,-3276,1908,140,-2044,3236,-3300,42,536,-909,936,-604,42,536,-909
139,139,0,1964,20,-2076,3292,-3292,1956,44,-2156,-909,936,-605,43,536,-909,936,-604
140,140,0,3200,-3276,1924,52,-2176,3308,-3268,1984,-605,43,535,-909,936,-605,43,536
141,141,0,116,-2148,3292,-3276,1908,132,-2024,3268,535,-909,936,-605,43,535,-909,936
142,142,0,-3296,1924,116,-2132,3240,-3252,1956,164,936,-605,43,535,-909,936,-605,43
143,143,0,-2040,3204,-3292,1980,60,-2124,3284,-3292,42,535,-909,936,-605,43,535,-909
144,144,0,1916,60,-2100,3180,-3336,1932,116,-2140,-909,935,-604,42,536,-909,935,-604
145,145,0,3232,-3236,2020,124,-2044,3308,-3252,1932,-604,42,536,-909,935,-604,42,536
146,146,0,80,-2020,3300,-3276,1940,44,-1992,3292,535,-909,935,-604,43,536,-909,935
147,147,0,-3252,1932,80,-2156,3316,-3252,1904,76,936,-605,43,535,-909,935,-605,43
148,148,0,-2064,3268,-3308,1924,12,-2148,3284,-3292,43,535,-909,936,-605,43,535,-909
149,149,0,1968,28,-2036,3276,-3260,1908,36,-2004,-909,936,-605,44,535,-909,936,-605
150,150,0,3240,-3284,1964,148,-2160,3308,-3276,1952,-604,43,535,-909,935,-604,44,535
151,151,0,116,-2108,3260,-3228,2000,28,-2092,3220,536,-909,935,-604,42,536,-909,935
152,152,0,-3216,1940,80,-2132,3276,-3220,1980,92,935,-604,42,536,-909,935,-604,42
153,153,0,-2124,3220,-3236,1996,76,-2044,3252,-3244,43,535,-909,935,-604,43,535,-909
154,154,0,1900,76,-2116,3300,-3264,1988,148,-2036,-909,935,-605,43,535,-909,935,-605
155,155,0,3240,-3260,1916,84,-2120,3232,-3260,2032,-605,43,535,-909,935,-605,43,535
156,156,0,88,-2092,3268,-3236,1976,84,-2116,3252,534,-908,935,-605,44,535,-909,935
157,157,0,-3252,1964,132,-2156,3208,-3256,1972,92,935,-605,43,535,-909,935,-605,44
158,158,0,-2140,3292,-3260,1988,52,-2044,3324,-3228,42,536,-909,935,-604,42,536,-909
159,159,0,1960,44,-2060,3236,-3228,1964,60,-2156,-909,935,-604,43,535,-909,935,-604
160,160,0,3248,-3292,1900,108,-2084,3244,-3260,1924,-604,43,535,-909,935,-604,43,535
161,161,0,100,-2140,3244,-3268,1884,68,-2056,3228,535,-908,935,-605,43,535,-909,935
162,162,0,-3296,1948,156,-2052,3260,-3292,1912,76,935,-605,43,535,-908,935,-605,43
163,163,0,-2072,3244,-3252,1892,92,-2044,3212,-3260,44,534,-908,935,-605,44,534,-908
164,164,0,1948,76,-2116,3252,-3312,1892,108,-2020,-908,935,-605,44,534,-908,935,-605
165,165,0,3224,-3236,1964,76,-2168,3232,-3252,1968,-606,44,534,-908,935,-605,44,534
166,166,0,132,-2044,3236,-3276,1924,164,-2032,3228,533,-908,936,-606,45,534,-908,935
167,167,0,-3232,1900,80,-2132,3244,-3252,1904,76,936,-606,45,533,-908,936,-606,45
168,168,0,-2072,3284,-3252,1900,172,-2124,3292,-3260,45,533,-908,936,-606,45,533,-908
169,169,0,1924,124,-2036,3212,-3276,1900,116,-2012,-908,936,-606,45,533,-908,936,-606
170,170,0,3224,-3260,1908,68,-2120,3232,-3236,2016,-607,46,533,-908,936,-607,46,533
171,171,0,132,-2140,3284,-3228,1968,92,-2016,3292,532,-907,936,-607,46,532,-907,936
172,172,0,-3260,1940,88,-2108,3292,-3264,1912,108,936,-607,46,532,-907,936,-607,46
173,173,0,-2080,3252,-3220,1884,204,-2156,3316,-3276,47,532,-907,936,-607,47,532,-907
174,174,0,1944,92,-2068,3300,-3224,1972,188,-2132,-907,936,-608,47,532,-907,936,-607
175,175,0,3260,-3276,1900,172,-2144,3292,-3316,1900,-608,47,531,-907,936,-608,47,531
176,176,0,116,-2116,3220,-3236,1932,188,-2164,3284,531,-907,936,-608,48,531,-907,936
177,177,0,-3328,1924,56,-2020,3324,-3308,1980,204,936,-608,48,531,-907,936,-608,48
178,178,0,-2148,3220,-3228,1948,36,-2140,3292,-3252,48,531,-907,936,-608,48,531,-907
179,179,0,1892,168,-2044,3316,-3212,1908,76,-2148,-907,937,-609,48,530,-907,937,-609
180,180,0,3192,-3220,1860,100,-2168,3268,-3284,1892,-609,49,530,-906,937,-609,49,530
181,181,0,80,-2124,3260,-3244,1936,164,-2132,3300,530,-906,937,-609,49,530,-906,937
182,182,0,-3252,1932,80,-2148,3300,-3224,1940,156,938,-611,50,529,-906,937,-610,49
183,183,0,-2104,3308,-3204,1972,180,-2076,3324,-3244,52,528,-906,938,-611,52,528,-906
184,184,0,1916,116,-2028,3316,-3224,1932,100,-2044,-906,938,-612,52,528,-906,938,-611
185,185,0,3240,-3236,1876,196,-2144,3264,-3244,1928,-612,52,527,-905,938,-612,52,527
186,186,0,144,-2052,3260,-3268,1952,100,-2132,3260,527,-905,938,-612,52,527,-905,938
187,187,0,-3276,1940,88,-2084,3256,-3292,1880,172,938,-612,53,527,-905,938,-612,53
188,188,0,-2112,3292,-3292,1956,180,-2132,3332,-3236,55,526,-905,938,-613,54,526,-905
189,189,0,1892,108,-2132,3308,-3256,1972,76,-2068,-904,939,-614,55,525,-905,939,-614
190,190,0,3240,-3268,1956,68,-2160,3248,-3244,1992,-615,56,525,-904,939,-615,56,525
191,191,0,116,-2100,3284,-3252,1952,84,-2132,3236,524,-904,939,-615,56,524,-904,939
192,192,0,-3256,1932,112,-2188,3224,-3280,1864,156,939,-615,56,524,-904,939,-615,56
193,193,0,-2112,3212,-3276,1964,180,-2204,3284,-3276,59,522,-904,939,-616,58,523,-904
194,194,0,1884,144,-2172,3292,-3228,1892,156,-2020,-903,940,-617,59,522,-903,940,-617
195,195,0,3276,-3252,1884,116,-2144,3300,-3252,1944,-618,59,522,-903,940,-617,59,522
196,196,0,188,-2068,3300,-3284,1844,188,-2096,3292,521,-903,940,-618,59,522,-903,940
197,197,0,-3320,1868,64,-2100,3240,-3232,1856,76,940,-618,60,521,-903,940,-618,60
198,198,0,-2112,3260,-3260,1876,204,-2156,3284,-3260,60,521,-903,940,-618,60,521,-903
199,199,0,1900,176,-2180,3284,-3264,1900,116,-2188,-903,940,-618,60,521,-903,940,-618
200,200,0,3316,-3244,1852,180,-2044,3300,-3236,1908,-619,61,520,-903,940,-619,61,521
201,201,0,196,-2060,3324,-3244,1892,172,-2072,3284,519,-902,941,-620,62,520,-903,940
202,202,0,-3272,1844,188,-2084,3340,-3256,1872,100,941,-621,63,518,-902,941,-621,63
203,203,0,-2164,3300,-3220,1860,220,-2172,3300,-3260,64,518,-902,941,-621,63,518,-902
204,204,0,1900,116,-2220,3300,-3252,1948,68,-2036,-902,941,-621,64,518,-902,941,-621
205,205,0,3264,-3252,1868,108,-2060,3340,-3212,1976,-622,64,518,-902,941,-621,64,518
206,206,0,104,-2180,3324,-3276,1836,116,-2156,3300,517,-902,942,-622,64,517,-902,941
207,207,0,-3288,1940,80,-2164,3224,-3248,1964,92,942,-622,65,517,-902,942,-622,65
208,208,0,-2156,3292,-3236,1884,188,-2060,3316,-3212,65,517,-901,942,-622,65,517,-901
209,209,0,1896,208,-2060,3260,-3212,1924,108,-2188,-901,943,-622,65,517,-901,943,-622
210,210,0,3240,-3268,1900,212,-2144,3284,-3300,1952,-622,66,516,-901,942,-623,66,517
211,211,0,164,-2132,3316,-3252,1920,212,-2172,3308,516,-902,942,-623,66,516,-901,941
212,212,0,-3296,1868,212,-2124,3284,-3244,1880,204,943,-624,66,517,-902,943,-624,66
213,213,0,-2072,3308,-3260,1932,132,-2076,3252,-3244,67,517,-903,944,-624,66,517,-902
214,214,0,1952,200,-2084,3300,-3264,1884,188,-2196,-902,944,-625,67,517,-903,945,-625
215,215,0,3216,-3260,1940,180,-2200,3308,-3244,1868,-623,66,517,-903,944,-624,67,516
216,216,0,136,-2164,3260,-3260,1852,220,-2072,3292,518,-903,943,-623,65,518,-903,943
217,217,0,-3216,1860,128,-2148,3240,-3272,1916,196,943,-624,66,517,-903,943,-624,65
218,218,0,-2156,3348,-3268,1884,124,-2100,3284,-3276,66,517,-903,943,-624,66,517,-903
219,219,0,1880,200,-2132,3300,-3264,1860,124,-2060,-903,944,-624,66,517,-903,944,-624
220,220,0,3256,-3252,1940,124,-2084,3316,-3292,1860,-624,67,517,-903,944,-624,66,517
221,221,0,188,-2044,3276,-3268,1904,116,-2172,3300,516,-902,944,-625,67,517,-902,944
222,222,0,-3228,1916,236,-2076,3256,-3244,1912,124,944,-625,67,516,-902,944,-625,67
223,223,0,-2136,3324,-3172,1924,212,-2108,3268,-3212,66,517,-902,944,-624,66,516,-902
224,224,0,1944,192,-2100,3252,-3284,1916,204,-2068,-903,943,-624,66,517,-903,943,-623
225,225,0,3252,-3236,1908,108,-2060,3332,-3252,1884,-624,66,517,-903,943,-624,66,517
226,226,0,144,-2100,3284,-3228,1920,204,-2180,3236,517,-902,943,-624,66,517,-902,943
227,227,0,-3284,1860,128,-2092,3232,-3216,1932,220,943,-624,67,516,-902,943,-624,66
228,228,0,-2128,3292,-3260,1820,204,-2076,3316,-3228,67,516,-902,944,-624,67,516,-902
229,229,0,1852,140,-2132,3340,-3228,1948,204,-2108,-902,944,-625,67,516,-902,944,-625
230,230,0,3300,-3220,1964,124,-2060,3280,-3236,1876,-623,67,516,-902,943,-624,67,516
231,231,0,136,-2132,3316,-3228,1836,116,-2196,3324,517,-902,943,-623,66,517,-902,943
232,232,0,-3232,1900,228,-2100,3276,-3252,1872,132,943,-624,66,517,-902,943,-624,66
233,233,0,-2180,3260,-3228,1916,108,-2076,3228,-3244,67,516,-902,943,-624,66,517,-902
234,234,0,1928,132,-2108,3332,-3224,1876,204,-2108,-902,943,-624,67,516,-902,943,-624
235,235,0,3292,-3244,1908,252,-2176,3248,-3252,1836,-624,67,516,-902,943,-624,67,516
236,236,0,180,-2100,3284,-3228,1880,204,-2172,3316,516,-902,943,-625,67,516,-902,943
237,237,0,-3240,1868,144,-2124,3264,-3240,1824,212,943,-624,67,516,-902,943,-625,67
238,238,0,-2080,3316,-3268,1836,124,-2220,3324,-3252,66,517,-902,943,-623,66,517,-902
239,239,0,1928,156,-2172,3244,-3236,1908,140,-2180,-902,943,-624,66,517,-902,943,-624
240,240,0,3308,-3212,1932,140,-2224,3324,-3244,1952,-624,67,516,-902,943,-624,66,516
241,241,0,160,-2100,3276,-3260,1828,244,-2096,3292,516,-902,943,-624,67,516,-902,943
242,242,0,-3204,1900,220,-2124,3200,-3224,1916,140,943,-624,67,516,-902,943,-624,67
243,243,0,-2112,3308,-3260,1876,108,-2196,3316,-3244,67,515,-902,943,-625,67,516,-902
244,244,0,1912,240,-2156,3228,-3236,1884,244,-2084,-901,943,-625,68,515,-901,943,-625
245,245,0,3308,-3228,1924,268,-2108,3332,-3220,1836,-625,68,515,-901,943,-625,68,515
246,246,0,236,-2188,3348,-3220,1920,124,-2188,3292,515,-901,943,-625,68,515,-901,943
247,247,0,-3228,1844,276,-2212,3296,-3236,1932,260,944,-626,69,515,-901,943,-625,68
248,248,0,-2156,3228,-3220,1844,164,-2140,3292,-3212,69,514,-901,944,-626,69,514,-901
249,249,0,1884,240,-2068,3276,-3216,1948,164,-2076,-901,944,-626,69,514,-901,944,-626
250,250,0,3240,-3204,1852,140,-2116,3332,-3212,1844,-626,70,514,-901,944,-626,69,514
251,251,0,268,-2164,3364,-3268,1884,148,-2080,3308,513,-901,944,-626,70,514,-901,944
252,252,0,-3228,1900,160,-2188,3300,-3256,1916,164,944,-627,70,513,-901,944,-627,70
253,253,0,-2152,3252,-3244,1844,220,-2116,3308,-3252,70,513,-900,944,-627,70,513,-900
254,254,0,1892,240,-2204,3292,-3208,1860,252,-2180,-900,944,-627,71,513,-900,944,-627
255,255,0,3292,-3244,1908,132,-2108,3292,-3212,1912,-627,71,512,-900,944,-627,71,513
256,256,0,168,-2204,3268,-3220,1828,212,-2228,3260,512,-900,944,-628,71,512,-900,944
257,257,0,-3240,1844,192,-2100,3272,-3220,1848,108,944,-628,72,512,-900,944,-628,71
258,258,0,-2136,3300,-3228,1908,252,-2204,3268,-3220,72,512,-900,944,-628,72,512,-900
259,259,0,1852,240,-2124,3364,-3212,1844,220,-2236,-900,944,-628,72,512,-900,944,-628
260,260,0,3308,-3244,1868,268,-2176,3332,-3212,1860,-629,72,511,-900,944,-628,72,511
261,261,0,160,-2188,3316,-3268,1836,252,-2112,3300,509,-899,945,-630,74,510,-899,944
262,262,0,-3252,1900,260,-2068,3272,-3244,1864,268,945,-631,75,509,-899,945,-631,75
263,263,0,-2120,3316,-3244,1916,260,-2164,3292,-3212,75,509,-899,945,-631,75,509,-899
264,264,0,1836,296,-2204,3252,-3188,1908,236,-2100,-899,946,-631,76,509,-899,945,-630
265,265,0,3240,-3188,1892,252,-2108,3292,-3188,1920,-632,76,509,-899,946,-632,76,509
266,266,0,220,-2124,3244,-3276,1844,236,-2196,3300,509,-901,947,-633,76,509,-900,946
267,267,0,-3208,1852,244,-2188,3232,-3212,1848,276,947,-633,76,509,-900,947,-633,76
268,268,0,-2188,3292,-3220,1860,252,-2196,3332,-3260,77,509,-900,948,-633,77,509,-899
269,269,0,1868,264,-2212,3324,-3192,1924,252,-2204,-900,948,-633,77,509,-900,948,-633
270,270,0,3324,-3244,1844,172,-2200,3300,-3212,1904,-635,79,508,-900,948,-634,78,508
271,271,0,168,-2132,3324,-3220,1920,156,-2204,3308,506,-899,948,-635,80,507,-899,948
272,272,0,-3212,1828,244,-2116,3276,-3188,1884,140,949,-636,80,506,-899,948,-636,80
273,273,0,-2152,3348,-3220,1788,172,-2188,3292,-3236,80,506,-899,949,-636,80,506,-899
274,274,0,1812,256,-2236,3236,-3264,1884,244,-2220,-899,949,-636,81,506,-899,949,-636
275,275,0,3252,-3244,1812,180,-2108,3264,-3196,1788,-636,81,505,-899,949,-636,81,506
276,276,0,260,-2196,3292,-3308,1912,132,-2204,3268,505,-900,949,-637,81,505,-900,949
277,277,0,-3232,1836,276,-2204,3308,-3216,1848,332,948,-637,81,505,-899,949,-637,81
278,278,0,-2236,3268,-3244,1916,284,-2124,3284,-3204,82,505,-898,949,-637,82,505,-897
279,279,0,1844,240,-2116,3276,-3220,1860,164,-2180,-899,951,-638,82,505,-899,950,-637
280,280,0,3316,-3228,1844,180,-2200,3272,-3220,1804,-639,82,505,-900,951,-638,82,505
281,281,0,268,-2228,3348,-3228,1896,156,-2188,3292,504,-900,951,-639,82,505,-901,951
282,282,0,-3208,1812,200,-2244,3296,-3188,1852,156,951,-639,83,505,-900,951,-639,83
283,283,0,-2180,3260,-3188,1844,172,-2204,3252,-3212,83,505,-900,951,-639,83,505,-900
284,284,0,1896,196,-2236,3372,-3228,1868,140,-2124,-900,951,-639,83,504,-900,951,-639
285,285,0,3280,-3228,1900,172,-2232,3280,-3188,1796,-640,84,504,-900,951,-640,84,504
286,286,0,192,-2244,3316,-3260,1912,156,-2180,3212,505,-900,951,-639,83,505,-899,951
287,287,0,-3200,1860,192,-2220,3280,-3232,1864,164,951,-639,82,505,-900,951,-638,82
288,288,0,-2212,3244,-3236,1860,292,-2140,3260,-3228,83,505,-900,951,-639,83,506,-900
289,289,0,1880,164,-2132,3276,-3232,1884,156,-2100,-898,950,-638,83,504,-899,951,-638
290,290,0,3324,-3228,1796,252,-2240,3340,-3196,1928,-638,83,503,-898,949,-638,83,503
291,291,0,200,-2164,3308,-3204,1780,164,-2204,3316,503,-897,949,-638,84,503,-898,948
292,292,0,-3216,1876,276,-2220,3316,-3236,1816,268,949,-639,84,503,-897,949,-639,84
293,293,0,-2236,3316,-3236,1812,148,-2220,3356,-3236,82,503,-898,949,-638,83,503,-897
294,294,0,1848,296,-2204,3252,-3220,1860,268,-2196,-898,949,-637,82,504,-898,949,-637
295,295,0,3292,-3196,1812,268,-2148,3312,-3212,1812,-638,83,504,-898,949,-637,83,504
296,296,0,276,-2156,3300,-3220,1904,212,-2220,3348,503,-897,949,-638,83,503,-897,949
297,297,0,-3248,1764,208,-2252,3292,-3244,1840,156,949,-639,83,503,-897,949,-638,83
298,298,0,-2212,3332,-3228,1868,308,-2236,3324,-3236,84,503,-897,949,-638,84,504,-897
299,299,0,1816,288,-2196,3236,-3212,1820,172,-2228,-896,948,-637,83,503,-896,949,-638
300,300,0,3240,-3220,1860,268,-2148,3240,-3236,1880,-635,82,503,-896,946,-636,82,503
301,301,0,236,-2172,3284,-3260,1880,156,-2228,3356,502,-895,947,-636,83,502,-896,946
302,302,0,-3208,1796,216,-2148,3276,-3208,1800,212,947,-637,83,502,-895,947,-637,83
303,303,0,-2168,3300,-3236,1828,316,-2236,3260,-3268,83,502,-895,947,-637,83,503,-895
304,304,0,1804,304,-2164,3292,-3228,1844,292,-2116,-894,946,-635,83,502,-895,946,-636
305,305,0,3260,-3184,1876,180,-2232,3264,-3244,1880,-634,82,502,-894,944,-634,82,502
306,306,0,200,-2252,3268,-3228,1764,316,-2160,3268,501,-894,944,-634,82,502,-894,943
307,307,0,-3260,1860,152,-2140,3324,-3216,1776,172,944,-635,82,501,-893,944,-635,82
308,308,0,-2176,3316,-3188,1788,308,-2268,3260,-3236,83,501,-893,944,-635,83,502,-893
309,309,0,1804,156,-2244,3308,-3188,1796,308,-2172,-891,944,-635,83,500,-892,945,-634
310,310,0,3264,-3220,1836,276,-2272,3232,-3204,1888,-632,82,500,-891,942,-633,83,499
311,311,0,216,-2260,3292,-3252,1832,276,-2236,3300,500,-892,942,-633,82,501,-892,941
312,312,0,-3228,1804,292,-2132,3240,-3260,1816,276,942,-634,82,500,-892,942,-633,82
313,313,0,-2244,3300,-3252,1820,188,-2164,3324,-3228,82,500,-891,942,-633,82,501,-891
314,314,0,1832,212,-2236,3236,-3216,1820,172,-2140,-889,941,-633,83,499,-890,942,-633
315,315,0,3248,-3204,1860,204,-2156,3256,-3220,1848,-632,83,498,-889,941,-632,83,498
316,316,0,284,-2204,3260,-3212,1772,292,-2152,3236,498,-889,941,-633,83,498,-889,940
317,317,0,-3208,1860,300,-2180,3248,-3184,1760,172,941,-634,84,498,-889,941,-633,83
318,318,0,-2212,3292,-3188,1836,276,-2156,3284,-3260,84,498,-889,941,-633,84,498,-889
319,319,0,1816,212,-2260,3348,-3208,1796,308,-2132,-889,941,-633,84,497,-889,941,-633
320,320,0,3280,-3196,1876,204,-2164,3332,-3204,1804,-633,84,497,-889,941,-634,84,497
321,321,0,232,-2244,3260,-3204,1764,188,-2236,3316,497,-890,941,-634,85,497,-889,940
322,322,0,-3236,1828,284,-2236,3240,-3224,1816,204,940,-634,85,497,-888,941,-635,85
323,323,0,-2212,3308,-3260,1804,164,-2156,3292,-3220,85,496,-887,940,-634,85,496,-887
324,324,0,1792,296,-2164,3252,-3192,1844,204,-2148,-885,939,-633,86,495,-886,940,-633
325,325,0,3244,-3204,1820,292,-2164,3340,-3172,1780,-635,88,494,-886,940,-634,87,494
326,326,0,248,-2180,3340,-3260,1864,300,-2184,3236,493,-886,940,-635,88,493,-887,940
327,327,0,-3240,1844,308,-2292,3276,-3220,1816,244,939,-636,89,493,-885,940,-636,88
328,328,0,-2252,3284,-3252,1836,204,-2292,3324,-3228,89,493,-885,940,-636,89,492,-884
329,329,0,1804,204,-2164,3316,-3180,1820,316,-2180,-886,942,-637,89,493,-886,941,-636
330,330,0,3292,-3236,1836,244,-2148,3340,-3228,1856,-638,89,493,-887,942,-637,89,492
331,331,0,240,-2260,3284,-3196,1848,220,-2252,3260,490,-887,943,-639,91,492,-888,942
332,332,0,-3200,1780,208,-2268,3264,-3232,1860,340,943,-640,92,491,-886,943,-639,92
333,333,0,-2192,3308,-3228,1852,188,-2196,3268,-3204,92,491,-886,943,-640,92,491,-886
334,334,0,1796,252,-2260,3324,-3208,1804,332,-2220,-886,943,-640,93,490,-886,943,-640
335,335,0,3296,-3212,1796,340,-2272,3300,-3228,1804,-640,93,490,-886,943,-640,93,490
336,336,0,316,-2268,3380,-3188,1840,252,-2136,3316,488,-885,944,-641,94,489,-885,943
337,337,0,-3232,1764,324,-2284,3296,-3220,1776,260,944,-643,95,488,-885,944,-642,95
338,338,0,-2192,3348,-3204,1828,332,-2196,3356,-3236,96,489,-886,945,-643,96,488,-885
339,339,0,1788,252,-2156,3300,-3176,1828,308,-2228,-887,947,-644,96,489,-887,946,-643
340,340,0,3308,-3196,1756,356,-2164,3256,-3180,1832,-644,96,488,-887,946,-644,96,489
341,341,0,340,-2196,3340,-3212,1832,356,-2168,3356,487,-886,946,-644,97,488,-886,946
342,342,0,-3184,1796,208,-2164,3280,-3220,1776,236,947,-646,98,487,-886,946,-645,97
343,343,0,-2284,3332,-3188,1804,236,-2180,3268,-3212,99,487,-886,948,-647,99,487,-886
344,344,0,1788,320,-2268,3356,-3188,1812,244,-2268,-887,950,-648,99,487,-887,949,-647
345,345,0,3332,-3204,1796,316,-2148,3348,-3172,1840,-648,100,487,-887,949,-648,100,487
346,346,0,232,-2244,3332,-3172,1780,188,-2228,3340,486,-887,949,-648,100,487,-887,949
347,347,0,-3184,1812,248,-2252,3264,-3200,1892,196,950,-651,101,485,-887,949,-649,100
348,348,0,-2168,3316,-3204,1804,380,-2172,3292,-3252,103,485,-887,951,-651,103,485,-886
349,349,0,1820,244,-2236,3292,-3200,1828,324,-2196,-888,953,-652,103,485,-888,952,-651
350,350,0,3340,-3212,1788,252,-2204,3304,-3188,1796,-652,103,485,-888,952,-652,103,485
351,351,0,232,-2220,3372,-3148,1756,236,-2192,3332,484,-888,952,-652,103,485,-888,952
352,352,0,-3188,1780,340,-2180,3296,-3244,1744,236,952,-653,104,485,-888,952,-652,104
353,353,0,-2276,3348,-3236,1756,260,-2276,3284,-3204,104,485,-889,953,-653,104,485,-888
354,354,0,1772,252,-2228,3276,-3204,1756,340,-2268,-889,955,-654,104,485,-889,954,-653
355,355,0,3332,-3212,1828,236,-2212,3240,-3172,1804,-654,105,485,-889,954,-654,105,485
356,356,0,300,-2260,3324,-3212,1800,348,-2224,3348,485,-889,954,-654,105,485,-889,953
357,357,0,-3184,1780,264,-2196,3272,-3192,1844,332,954,-655,105,484,-889,954,-655,105
358,358,0,-2276,3308,-3204,1804,348,-2180,3300,-3180,106,484,-889,954,-655,105,485,-889
359,359,0,1788,356,-2132,3332,-3160,1796,244,-2228,-889,955,-655,106,484,-889,954,-654
360,360,0,3348,-3192,1808,252,-2272,3356,-3164,1832,-656,106,484,-890,955,-656,106,484
361,361,0,272,-2284,3348,-3188,1764,228,-2228,3260,484,-891,956,-657,106,485,-890,955
362,362,0,-3220,1788,192,-2164,3324,-3144,1836,364,955,-657,107,484,-890,956,-657,107
363,363,0,-2152,3308,-3172,1804,348,-2204,3308,-3212,107,484,-890,956,-657,107,484,-889
364,364,0,1780,276,-2252,3292,-3220,1772,332,-2228,-890,956,-657,107,484,-890,956,-657
365,365,0,3296,-3196,1756,332,-2196,3340,-3172,1832,-658,108,483,-890,956,-658,107,484
366,366,0,288,-2196,3292,-3212,1808,348,-2236,3348,483,-890,956,-658,108,483,-890,956
367,367,0,-3212,1780,348,-2172,3280,-3192,1776,364,957,-658,108,483,-890,957,-658,108
368,368,0,-2244,3300,-3212,1812,228,-2292,3332,-3228,109,483,-890,957,-658,108,483,-890
369,369,0,1764,336,-2284,3292,-3172,1772,244,-2188,-888,957,-659,109,482,-889,957,-658
370,370,0,3364,-3204,1792,348,-2312,3308,-3212,1748,-659,109,482,-889,957,-659,109,482
371,371,0,316,-2308,3308,-3204,1792,348,-2208,3292,481,-889,957,-659,109,482,-890,957
372,372,0,-3208,1804,316,-2196,3264,-3224,1796,276,955,-659,110,481,-888,956,-659,110
373,373,0,-2292,3292,-3220,1684,332,-2276,3252,-3188,110,480,-887,955,-658,110,481,-887
374,374,0,1800,276,-2164,3284,-3200,1804,236,-2324,-887,955,-658,109,481,-887,955,-658
375,375,0,3272,-3168,1800,372,-2180,3280,-3188,1756,-657,109,481,-887,954,-657,108,481
376,376,0,272,-2220,3348,-3212,1740,356,-2268,3372,481,-887,955,-657,109,481,-887,955
377,377,0,-3268,1780,256,-2148,3332,-3180,1736,276,955,-658,109,481,-887,955,-657,109
378,378,0,-2284,3300,-3188,1788,364,-2172,3228,-3204,110,480,-887,955,-658,109,481,-887
379,379,0,1776,312,-2172,3284,-3184,1724,252,-2204,-887,956,-658,110,480,-887,955,-657
380,380,0,3332,-3204,1716,388,-2280,3348,-3180,1756,-658,110,480,-887,955,-658,110,480
381,381,0,308,-2204,3308,-3212,1740,260,-2208,3356,478,-886,954,-658,110,479,-887,954
382,382,0,-3200,1740,364,-2284,3288,-3228,1736,204,951,-657,110,479,-885,953,-658,111
383,383,0,-2232,3284,-3196,1772,268,-2324,3324,-3220,109,480,-885,952,-656,109,480,-884
384,384,0,1792,252,-2196,3244,-3224,1716,204,-2308,-884,953,-656,109,479,-885,953,-656
385,385,0,3248,-3192,1844,284,-2312,3272,-3188,1800,-656,110,479,-885,953,-656,109,479
386,386,0,324,-2236,3292,-3172,1732,252,-2192,3276,478,-885,953,-657,110,479,-886,953
387,387,0,-3204,1776,348,-2236,3332,-3172,1780,268,951,-656,110,478,-884,952,-657,110
388,388,0,-2292,3300,-3196,1804,372,-2228,3308,-3180,111,477,-883,951,-656,110,478,-883
389,389,0,1776,252,-2220,3316,-3192,1716,356,-2212,-882,952,-656,111,477,-882,951,-655
390,390,0,3332,-3180,1748,300,-2220,3364,-3204,1732,-656,111,477,-882,951,-656,111,477
391,391,0,248,-2228,3380,-3212,1792,260,-2192,3340,476,-882,951,-657,111,477,-882,951
392,392,0,-3188,1732,364,-2292,3364,-3192,1688,388,951,-657,112,476,-882,951,-657,111
393,393,0,-2232,3340,-3220,1740,388,-2204,3372,-3188,110,477,-882,951,-656,111,477,-882
394,394,0,1708,244,-2244,3252,-3192,1756,356,-2284,-881,950,-655,110,477,-882,951,-655
395,395,0,3348,-3204,1708,292,-2204,3300,-3188,1800,-654,111,476,-880,949,-655,110,476
396,396,0,356,-2324,3340,-3164,1784,236,-2276,3308,475,-880,949,-655,111,476,-880,948
397,397,0,-3180,1756,364,-2316,3280,-3184,1752,396,949,-656,111,475,-880,949,-656,111
398,398,0,-2216,3284,-3156,1700,364,-2276,3300,-3188,111,475,-880,949,-655,111,475,-880
399,399,0,1756,308,-2188,3260,-3168,1740,276,-2324,-880,949,-656,112,475,-880,949,-655
400,400,0,3324,-3176,1692,300,-2212,3380,-3180,1792,-656,112,475,-880,949,-656,112,475
401,401,0,348,-2292,3284,-3196,1848,276,-2284,3308,474,-880,949,-656,112,474,-880,949
402,402,0,-3196,1780,372,-2292,3304,-3152,1720,276,949,-656,113,474,-880,949,-656,112
403,403,0,-2240,3332,-3164,1756,396,-2212,3284,-3180,113,474,-879,949,-656,113,474,-880
404,404,0,1732,372,-2188,3348,-3168,1700,292,-2292,-879,949,-657,113,474,-879,949,-656
405,405,0,3388,-3128,1716,292,-2288,3348,-3180,1732,-657,114,473,-879,949,-657,113,473
406,406,0,364,-2292,3292,-3180,1768,276,-2308,3260,473,-879,949,-657,114,473,-879,949
407,407,0,-3172,1780,364,-2324,3364,-3172,1712,372,949,-657,114,473,-879,949,-657,114
408,408,0,-2264,3292,-3172,1716,380,-2300,3268,-3148,114,472,-879,949,-657,114,473,-879
409,409,0,1776,308,-2196,3268,-3184,1772,260,-2228,-879,950,-658,115,472,-879,950,-658
410,410,0,3280,-3172,1708,380,-2212,3324,-3196,1700,-658,115,472,-879,950,-658,115,472
411,411,0,296,-2292,3324,-3220,1692,380,-2340,3348,472,-878,950,-658,115,472,-879,950
412,412,0,-3216,1724,372,-2236,3256,-3180,1748,388,950,-658,116,471,-878,950,-658,115
413,413,0,-2292,3332,-3172,1708,284,-2284,3308,-3220,116,471,-878,950,-659,116,471,-878
414,414,0,1676,388,-2316,3300,-3156,1780,316,-2292,-878,951,-659,116,471,-878,951,-659
415,415,0,3340,-3184,1784,292,-2296,3288,-3228,1784,-658,116,471,-878,950,-659,116,471
416,416,0,348,-2308,3316,-3172,1792,284,-2308,3268,470,-879,950,-659,117,470,-878,949
417,417,0,-3212,1776,380,-2204,3304,-3196,1724,292,951,-661,117,471,-879,951,-660,117
418,418,0,-2288,3316,-3204,1676,292,-2268,3228,-3220,115,472,-880,952,-660,116,471,-879
419,419,0,1776,308,-2340,3276,-3188,1708,300,-2244,-879,951,-659,116,472,-880,952,-659
420,420,0,3312,-3196,1768,308,-2228,3356,-3212,1752,-660,116,472,-880,951,-660,116,472
421,421,0,348,-2236,3300,-3172,1700,292,-2292,3300,472,-880,952,-660,116,472,-880,952
422,422,0,-3208,1716,388,-2252,3280,-3184,1764,292,952,-660,117,472,-880,952,-660,116
423,423,0,-2308,3348,-3180,1700,412,-2228,3284,-3212,117,471,-879,952,-660,117,471,-880
424,424,0,1776,420,-2308,3364,-3168,1700,388,-2340,-879,952,-661,117,471,-879,952,-660
425,425,0,3280,-3228,1700,308,-2212,3296,-3180,1792,-661,117,471,-879,952,-661,117,471
426,426,0,296,-2212,3252,-3196,1700,308,-2324,3332,470,-879,952,-661,118,471,-879,952
427,427,0,-3164,1700,364,-2364,3324,-3168,1712,404,952,-662,118,470,-879,952,-661,118
428,428,0,-2324,3332,-3204,1716,340,-2244,3292,-3204,118,471,-880,953,-662,118,471,-879
429,429,0,1784,380,-2204,3308,-3164,1708,348,-2324,-881,955,-663,119,471,-881,954,-662
430,430,0,3372,-3172,1700,372,-2220,3304,-3140,1792,-661,118,471,-881,954,-662,119,471
431,431,0,356,-2324,3364,-3156,1784,316,-2260,3380,472,-881,953,-662,117,472,-881,952
432,432,0,-3164,1724,396,-2244,3264,-3180,1704,324,954,-662,118,472,-881,953,-662,117
433,433,0,-2224,3268,-3196,1692,380,-2260,3316,-3156,118,471,-881,954,-662,118,472,-881
434,434,0,1728,396,-2244,3292,-3160,1812,340,-2212,-881,954,-662,118,471,-881,954,-662
435,435,0,3288,-3164,1784,292,-2336,3332,-3180,1692,-663,118,471,-881,954,-662,118,471
436,436,0,404,-2268,3364,-3156,1708,332,-2340,3364,472,-881,953,-662,118,472,-880,954
437,437,0,-3204,1736,396,-2244,3372,-3196,1764,316,953,-661,117,472,-881,953,-661,117
438,438,0,-2300,3316,-3156,1636,380,-2332,3292,-3180,117,472,-881,953,-662,117,472,-881
439,439,0,1720,396,-2348,3324,-3136,1668,396,-2228,-881,953,-662,118,472,-881,953,-662
440,440,0,3348,-3152,1708,468,-2320,3264,-3156,1700,-662,118,471,-881,953,-662,118,472
441,441,0,360,-2244,3364,-3180,1752,388,-2232,3300,473,-881,953,-661,117,472,-881,953
442,442,0,-3204,1700,404,-2332,3340,-3176,1696,316,953,-661,116,472,-881,953,-661,116
443,443,0,-2280,3324,-3164,1716,284,-2268,3316,-3188,117,472,-881,953,-661,117,472,-881
444,444,0,1744,404,-2252,3372,-3144,1684,396,-2324,-881,953,-661,117,472,-881,953,-661
445,445,0,3280,-3188,1708,404,-2352,3296,-3156,1760,-662,117,472,-881,953,-661,117,472
446,446,0,372,-2340,3372,-3220,1668,420,-2292,3324,471,-880,953,-662,118,472,-880,953
447,447,0,-3176,1708,412,-2260,3296,-3168,1740,324,953,-661,117,472,-881,953,-662,118
448,448,0,-2224,3292,-3188,1732,316,-2260,3316,-3172,116,473,-881,953,-661,116,473,-881
449,449,0,1704,420,-2340,3332,-3184,1772,412,-2236,-880,953,-661,116,472,-881,953,-661
450,450,0,3332,-3176,1684,380,-2360,3356,-3172,1768,-661,117,472,-881,953,-661,117,472
451,451,0,336,-2316,3316,-3188,1776,340,-2224,3340,471,-880,953,-661,117,472,-881,953
452,452,0,-3132,1752,336,-2228,3264,-3144,1756,324,951,-661,117,471,-879,952,-661,117
453,453,0,-2348,3332,-3180,1684,340,-2276,3356,-3188,118,470,-878,951,-660,118,471,-878
454,454,0,1732,332,-2324,3388,-3164,1660,364,-2372,-878,951,-661,118,470,-878,951,-660
455,455,0,3280,-3164,1776,364,-2368,3320,-3180,1776,-661,118,470,-878,951,-661,118,470
456,456,0,320,-2244,3364,-3188,1752,420,-2260,3308,469,-878,951,-661,118,469,-878,951
457,457,0,-3152,1676,328,-2364,3356,-3168,1716,436,951,-661,119,469,-878,951,-661,119
458,458,0,-2340,3316,-3156,1756,404,-2348,3316,-3204,119,469,-878,951,-662,119,469,-878
459,459,0,1652,420,-2348,3292,-3128,1692,340,-2348,-878,951,-661,118,469,-878,951,-662
460,460,0,3312,-3172,1652,324,-2244,3340,-3196,1676,-660,118,470,-878,951,-660,118,470
461,461,0,412,-2324,3372,-3156,1696,292,-2372,3332,470,-878,951,-661,118,470,-878,951
462,462,0,-3212,1696,428,-2356,3304,-3156,1724,396,951,-661,118,469,-878,951,-661,118
463,463,0,-2272,3316,-3196,1676,340,-2372,3364,-3204,119,469,-878,951,-661,119,469,-878
464,464,0,1684,340,-2300,3292,-3160,1724,388,-2276,-878,951,-661,119,469,-878,951,-661
465,465,0,3304,-3172,1744,364,-2268,3288,-3164,1692,-663,121,468,-877,951,-662,120,469
466,466,0,352,-2308,3324,-3156,1676,324,-2332,3356,467,-877,952,-663,121,467,-877,952
467,467,0,-3136,1676,368,-2260,3308,-3152,1672,340,952,-664,122,466,-877,952,-663,122
468,468,0,-2364,3356,-3164,1684,348,-2292,3332,-3156,122,466,-876,952,-664,122,466,-876
469,469,0,1728,332,-2332,3348,-3128,1668,340,-2356,-876,952,-664,122,466,-876,952,-664
470,470,0,3304,-3172,1712,372,-2260,3356,-3140,1752,-664,123,466,-876,952,-664,123,466
471,471,0,328,-2300,3348,-3164,1768,348,-2356,3292,465,-876,952,-664,123,466,-876,952
472,472,0,-3144,1668,436,-2260,3264,-3180,1664,468,952,-665,123,465,-876,952,-665,123
473,473,0,-2288,3324,-3132,1724,420,-2284,3308,-3156,124,465,-876,952,-665,123,465,-876
474,474,0,1704,372,-2244,3300,-3164,1676,348,-2260,-876,952,-665,124,465,-876,952,-665
475,475,0,3336,-3176,1660,332,-2360,3316,-3164,1668,-665,124,464,-876,952,-665,124,465
476,476,0,344,-2316,3340,-3140,1692,348,-2244,3356,464,-875,952,-665,124,464,-875,952
477,477,0,-3180,1644,360,-2340,3328,-3148,1700,380,952,-666,125,464,-875,952,-666,125
478,478,0,-2324,3356,-3140,1684,468,-2252,3340,-3180,125,464,-875,952,-666,125,464,-875
479,479,0,1700,420,-2252,3348,-3164,1660,364,-2276,-874,953,-667,126,463,-875,953,-666
480,480,0,3336,-3148,1760,356,-2384,3356,-3140,1768,-668,128,461,-874,953,-668,127,462
481,481,0,392,-2324,3348,-3156,1680,444,-2276,3356,461,-874,953,-668,128,461,-874,953
482,482,0,-3196,1660,468,-2276,3296,-3152,1716,476,953,-668,128,461,-874,953,-668,128
483,483,0,-2296,3324,-3148,1732,388,-2348,3372,-3196,129,461,-874,953,-669,128,461,-874
484,484,0,1692,364,-2404,3308,-3180,1716,348,-2228,-874,953,-669,129,460,-874,953,-669
485,485,0,3336,-3188,1644,372,-2308,3364,-3148,1736,-669,129,460,-874,953,-669,129,460
486,486,0,444,-2380,3292,-3204,1644,452,-2356,3332,460,-873,953,-669,129,460,-874,953
487,487,0,-3184,1676,344,-2380,3288,-3176,1664,364,953,-669,130,460,-873,953,-669,130
488,488,0,-2332,3316,-3148,1684,460,-2340,3388,-3164,130,459,-873,954,-670,130,459,-873
489,489,0,1668,436,-2364,3356,-3124,1692,452,-2260,-872,954,-671,131,458,-873,954,-670
490,490,0,3372,-3180,1636,332,-2384,3364,-3164,1752,-672,133,457,-872,954,-672,132,457
491,491,0,376,-2284,3340,-3156,1636,428,-2356,3404,457,-872,954,-672,133,457,-872,954
492,492,0,-3164,1696,476,-2292,3364,-3136,1684,436,954,-672,133,457,-872,954,-672,133
493,493,0,-2340,3324,-3156,1700,380,-2268,3308,-3172,134,456,-872,954,-672,133,456,-872
494,494,0,1728,364,-2380,3356,-3140,1700,436,-2356,-872,954,-673,134,456,-872,954,-672
495,495,0,3312,-3184,1636,468,-2392,3348,-3132,1712,-673,134,456,-872,954,-673,134,456
496,496,0,360,-2300,3284,-3156,1652,332,-2268,3300,455,-871,954,-673,134,456,-872,954
497,497,0,-3100,1688,376,-2396,3296,-3136,1648,396,955,-673,135,455,-871,955,-673,134
498,498,0,-2344,3340,-3132,1724,316,-2324,3300,-3172,135,455,-871,955,-673,135,455,-871
499,499,0,1712,372,-2364,3348,-3128,1708,380,-2268,-871,955,-674,135,455,-871,955,-673
500,500,0,3304,-3144,1676,476,-2292,3372,-3172,1704,-674,136,455,-871,955,-674,135,455
501,501,0,432,-2356,3364,-3172,1704,364,-2324,3340,454,-871,955,-674,136,454,-871,955
502,502,0,-3140,1680,400,-2412,3296,-3080,1692,388,955,-674,136,454,-871,955,-674,136
503,503,0,-2296,3364,-3132,1644,380,-2300,3316,-3156,136,454,-871,955,-674,136,454,-871
504,504,0,1668,380,-2340,3372,-3136,1716,372,-2308,-870,955,-675,137,454,-870,955,-675
505,505,0,3280,-3160,1712,476,-2276,3320,-3140,1652,-675,137,453,-870,955,-675,137,453
506,506,0,412,-2332,3348,-3156,1696,468,-2372,3300,453,-870,955,-675,137,453,-870,955
507,507,0,-3156,1680,376,-2388,3324,-3112,1648,356,955,-675,138,453,-870,955,-675,137
508,508,0,-2372,3316,-3132,1676,364,-2316,3332,-3132,136,453,-870,955,-675,137,453,-870
509,509,0,1728,484,-2388,3332,-3096,1636,508,-2292,-870,955,-674,136,454,-871,955,-674
510,510,0,3304,-3148,1644,484,-2352,3364,-3172,1636,-674,137,454,-870,955,-674,136,454
511,511,0,452,-2324,3340,-3132,1704,372,-2268,3316,453,-870,955,-675,137,453,-870,955
512,512,1,-3152,1720,508,-2412,3272,-3156,1632,492,955,-675,137,453,-870,955,-675,137
513,513,0,-2388,3348,-3116,1700,484,-2388,3324,-3124,137,453,-870,955,-675,137,453,-870
514,514,0,1644,492,-2348,3364,-3156,1748,452,-2388,-870,955,-675,138,453,-870,955,-675
515,515,0,3336,-3148,1696,388,-2424,3328,-3116,1652,-675,138,452,-870,955,-675,138,452
516,516,0,468,-2300,3332,-3140,1636,476,-2364,3316,452,-870,955,-676,138,452,-870,955
517,517,0,-3140,1664,508,-2372,3296,-3164,1724,516,955,-677,139,452,-869,955,-676,138
518,518,0,-2364,3364,-3108,1708,364,-2284,3388,-3116,139,451,-869,955,-676,139,452,-869
519,519,0,1660,460,-2332,3372,-3160,1724,476,-2268,-869,956,-676,139,451,-869,955,-676
520,520,0,3336,-3164,1720,396,-2376,3304,-3124,1720,-677,140,451,-870,956,-677,139,451
521,521,0,500,-2372,3332,-3132,1652,372,-2292,3372,452,-872,957,-678,140,452,-871,956
522,522,0,-3124,1688,468,-2300,3364,-3164,1700,380,956,-677,139,452,-871,957,-679,140
523,523,0,-2312,3332,-3108,1692,540,-2300,3396,-3148,138,453,-871,957,-677,138,453,-870
524,524,0,1728,372,-2372,3340,-3108,1644,484,-2284,-871,957,-677,139,453,-871,957,-677
525,525,0,3328,-3112,1688,532,-2284,3356,-3164,1620,-677,139,452,-871,957,-677,139,453
526,526,0,448,-2332,3308,-3132,1636,404,-2364,3300,452,-871,957,-677,139,452,-871,957
527,527,0,-3120,1596,432,-2332,3328,-3116,1708,540,957,-678,140,452,-871,957,-678,139
528,528,0,-2320,3340,-3084,1644,516,-2364,3356,-3148,140,452,-871,957,-678,140,452,-871
529,529,0,1696,516,-2372,3380,-3068,1628,404,-2388,-870,957,-678,140,451,-870,957,-678
530,530,0,3356,-3108,1704,420,-2308,3312,-3116,1696,-678,140,451,-870,957,-678,140,451
531,531,0,516,-2364,3316,-3164,1612,520,-2316,3340,451,-870,957,-678,141,451,-870,957
532,532,0,-3156,1680,400,-2380,3344,-3148,1692,460,957,-679,141,451,-870,957,-679,141
533,533,0,-2372,3364,-3116,1628,388,-2364,3372,-3180,141,450,-870,957,-679,141,450,-870
534,534,0,1660,452,-2372,3300,-3120,1668,412,-2300,-870,957,-679,142,450,-870,957,-679
535,535,0,3332,-3172,1636,428,-2424,3364,-3124,1604,-679,142,450,-870,957,-679,142,450
536,536,0,416,-2420,3388,-3124,1612,508,-2284,3300,449,-869,957,-680,142,450,-870,957
537,537,0,-3140,1636,376,-2388,3304,-3160,1692,380,957,-680,143,449,-869,957,-680,142
538,538,0,-2360,3340,-3124,1628,388,-2372,3348,-3148,143,449,-869,957,-680,143,449,-869
539,539,0,1644,484,-2316,3308,-3120,1644,492,-2292,-869,958,-680,143,449,-869,957,-680
540,540,0,3272,-3172,1612,404,-2348,3336,-3124,1704,-680,143,448,-869,958,-680,143,449
541,541,0,476,-2292,3292,-3132,1664,396,-2412,3324,448,-869,958,-681,144,448,-869,958
542,542,0,-3108,1656,524,-2348,3372,-3124,1624,516,958,-681,144,448,-869,958,-681,144
543,543,0,-2388,3300,-3092,1692,548,-2316,3404,-3132,144,448,-869,958,-681,144,448,-869
544,544,0,1656,484,-2412,3340,-3132,1628,492,-2412,-868,958,-681,145,447,-868,958,-681
545,545,0,3288,-3116,1620,484,-2292,3336,-3140,1680,-682,145,447,-868,958,-681,145,447
546,546,0,484,-2388,3300,-3108,1548,388,-2292,3300,447,-868,958,-682,145,447,-868,958
547,547,0,-3108,1640,500,-2308,3344,-3132,1608,516,958,-684,146,446,-868,958,-683,145
548,548,0,-2356,3356,-3124,1668,388,-2372,3316,-3124,148,445,-867,958,-684,148,445,-867
549,549,0,1644,420,-2412,3324,-3124,1596,484,-2292,-867,959,-684,148,444,-867,958,-684
550,550,0,3304,-3128,1656,404,-2440,3364,-3124,1704,-684,148,444,-867,959,-684,148,444
551,551,0,508,-2364,3372,-3124,1596,508,-2348,3380,444,-867,959,-684,149,444,-867,959
552,552,0,-3132,1648,524,-2396,3304,-3188,1660,524,959,-685,149,444,-867,959,-684,149
553,553,0,-2388,3340,-3132,1564,436,-2404,3340,-3148,149,443,-866,959,-685,149,443,-867
554,554,0,1612,428,-2412,3388,-3136,1660,492,-2316,-866,960,-685,149,443,-866,959,-684
555,555,0,3304,-3152,1656,484,-2340,3364,-3116,1672,-685,150,443,-866,959,-685,150,443
556,556,0,516,-2420,3348,-3148,1548,544,-2340,3324,441,-865,958,-685,150,442,-866,958
557,557,0,-3140,1648,540,-2356,3340,-3172,1692,556,956,-684,150,441,-864,957,-685,150
558,558,0,-2320,3380,-3124,1652,436,-2348,3404,-3124,151,441,-864,957,-684,150,441,-863
559,559,0,1596,508,-2452,3364,-3076,1684,564,-2340,-864,958,-685,151,441,-864,958,-685
560,560,0,3372,-3128,1680,428,-2384,3288,-3172,1604,-685,151,440,-864,957,-685,151,441
561,561,0,440,-2340,3316,-3156,1680,528,-2436,3300,442,-864,957,-684,150,441,-864,957
562,562,0,-3132,1612,424,-2436,3304,-3212,1576,396,957,-684,150,442,-864,957,-684,150
563,563,0,-2384,3348,-3108,1604,388,-2324,3308,-3124,150,441,-864,957,-684,150,441,-864
564,564,0,1604,420,-2300,3348,-3124,1628,508,-2332,-864,957,-684,150,441,-864,957,-684
565,565,0,3340,-3116,1656,532,-2464,3320,-3124,1640,-685,151,441,-864,957,-684,151,441
566,566,0,440,-2412,3380,-3132,1548,544,-2372,3324,440,-864,957,-685,151,441,-864,957
567,567,0,-3108,1600,556,-2324,3328,-3100,1584,532,957,-685,151,440,-864,957,-685,151
568,568,0,-2368,3380,-3132,1596,556,-2428,3356,-3124,152,440,-863,957,-685,151,440,-863
569,569,0,1596,420,-2308,3316,-3100,1652,492,-2316,-863,957,-685,152,440,-863,957,-685
570,570,0,3352,-3080,1656,452,-2424,3296,-3116,1696,-686,152,439,-863,957,-685,152,440
571,571,0,492,-2356,3324,-3100,1628,436,-2404,3332,439,-863,957,-686,152,439,-863,957
572,572,0,-3120,1664,564,-2380,3304,-3092,1608,444,957,-686,153,439,-863,957,-686,153
573,573,0,-2436,3316,-3084,1668,412,-2436,3380,-3124,151,439,-863,957,-685,152,439,-863
574,574,0,1672,468,-2452,3316,-3088,1612,532,-2420,-863,957,-685,151,440,-863,957,-685
575,575,0,3320,-3164,1588,548,-2356,3312,-3100,1672,-685,152,440,-863,957,-685,151,440
576,576,0,456,-2356,3412,-3100,1604,544,-2420,3364,439,-863,957,-685,152,440,-863,957
577,577,0,-3104,1572,548,-2412,3388,-3140,1584,540,957,-685,152,439,-863,957,-685,152
578,578,0,-2352,3388,-3108,1636,540,-2388,3324,-3132,153,439,-863,957,-686,152,439,-863
579,579,0,1640,468,-2332,3308,-3104,1596,476,-2356,-863,957,-686,153,439,-863,957,-686
580,580,0,3388,-3136,1588,564,-2432,3296,-3108,1612,-686,153,438,-862,957,-686,153,439
581,581,0,424,-2396,3340,-3108,1672,484,-2324,3364,438,-862,957,-686,153,438,-862,957
582,582,0,-3096,1604,464,-2340,3356,-3120,1660,620,956,-686,153,439,-863,957,-686,153
583,583,0,-2360,3332,-3164,1644,452,-2356,3364,-3092,152,440,-863,957,-685,152,439,-862
584,584,0,1596,476,-2420,3332,-3152,1588,508,-2476,-862,957,-685,152,439,-863,958,-685
585,585,0,3304,-3116,1616,428,-2472,3356,-3124,1632,-684,153,438,-862,956,-685,152,438
586,586,0,464,-2364,3340,-3100,1640,544,-2324,3396,437,-860,955,-684,153,438,-861,955
587,587,0,-3092,1640,524,-2420,3328,-3072,1584,476,955,-685,153,437,-860,955,-685,153
588,588,0,-2352,3356,-3092,1660,460,-2436,3380,-3092,153,437,-860,955,-685,153,438,-860
589,589,0,1596,556,-2324,3372,-3108,1636,428,-2468,-860,955,-685,154,437,-860,955,-685
590,590,0,3336,-3140,1648,564,-2432,3368,-3092,1620,-685,154,436,-860,955,-685,154,437
591,591,0,556,-2420,3332,-3132,1564,536,-2436,3300,436,-860,955,-686,154,436,-860,955
592,592,0,-3084,1624,504,-2348,3336,-3096,1568,444,955,-686,154,436,-860,955,-686,154
593,593,0,-2384,3372,-3108,1612,548,-2356,3348,-3116,153,436,-860,955,-685,154,436,-860
594,594,0,1560,516,-2476,3332,-3156,1644,508,-2444,-860,955,-685,153,437,-860,955,-685
595,595,0,3352,-3104,1564,596,-2356,3332,-3148,1572,-685,153,437,-860,955,-685,153,437
596,596,0,540,-2388,3292,-3172,1640,444,-2444,3308,436,-860,955,-685,154,437,-860,955
597,597,0,-3156,1596,448,-2460,3328,-3096,1588,548,955,-685,154,436,-860,955,-685,154
598,598,0,-2408,3300,-3164,1532,460,-2428,3324,-3172,154,436,-860,955,-685,154,436,-860
599,599,0,1576,548,-2460,3356,-3104,1660,476,-2348,-859,955,-686,154,436,-860,955,-686
600,600,0,3340,-3116,1580,572,-2364,3312,-3180,1572,-686,155,435,-859,955,-686,155,436
601,601,0,472,-2412,3372,-3132,1548,412,-2428,3404,435,-859,955,-686,155,435,-859,955
602,602,0,-3080,1556,456,-2444,3396,-3112,1596,604,955,-686,155,435,-859,955,-686,155
603,603,0,-2392,3332,-3084,1556,612,-2468,3380,-3068,156,435,-859,955,-686,156,435,-859
604,604,0,1624,500,-2364,3292,-3080,1536,588,-2372,-858,956,-687,157,434,-858,955,-687
605,605,0,3328,-3148,1616,580,-2432,3412,-3100,1580,-689,158,432,-858,956,-688,158,433
606,606,0,524,-2380,3348,-3140,1616,460,-2364,3396,432,-858,956,-689,158,432,-858,956
607,607,0,-3120,1548,588,-2364,3368,-3084,1644,596,956,-689,159,432,-858,956,-689,159
608,608,0,-2352,3340,-3116,1572,460,-2436,3316,-3060,159,432,-857,956,-689,159,432,-858
609,609,0,1576,588,-2356,3356,-3124,1660,580,-2444,-857,956,-689,159,431,-857,956,-689
610,610,0,3320,-3064,1548,564,-2364,3332,-3124,1608,-690,160,431,-857,956,-689,160,431
611,611,0,484,-2452,3300,-3084,1548,484,-2380,3332,431,-857,956,-690,160,431,-857,956
612,612,0,-3124,1560,448,-2380,3316,-3100,1588,572,956,-690,160,431,-857,956,-690,160
613,613,0,-2360,3324,-3108,1620,540,-2348,3316,-3100,161,430,-857,956,-690,160,430,-857
614,614,0,1616,540,-2356,3380,-3112,1556,556,-2356,-857,956,-690,161,430,-857,956,-690
615,615,0,3344,-3088,1532,564,-2348,3328,-3124,1524,-691,161,430,-857,956,-690,161,430
616,616,0,512,-2388,3364,-3068,1648,468,-2468,3332,429,-857,956,-691,161,430,-857,956
617,617,0,-3128,1548,464,-2436,3364,-3104,1644,604,955,-691,162,429,-856,956,-691,162
618,618,0,-2452,3308,-3092,1612,420,-2380,3292,-3132,164,428,-856,957,-692,163,428,-855
619,619,0,1540,452,-2444,3340,-3108,1628,492,-2372,-856,959,-694,164,428,-856,958,-693
620,620,0,3288,-3144,1656,556,-2364,3372,-3140,1492,-694,165,428,-857,959,-694,165,427
621,621,0,556,-2404,3332,-3100,1616,616,-2452,3404,427,-857,959,-695,165,428,-858,959
622,622,0,-3112,1572,556,-2476,3336,-3040,1588,580,959,-695,165,427,-857,959,-695,165
623,623,0,-2392,3364,-3148,1532,564,-2396,3380,-3116,166,427,-857,959,-695,166,427,-857
624,624,0,1624,580,-2372,3372,-3116,1620,572,-2388,-856,959,-695,166,427,-856,959,-695
625,625,0,3352,-3060,1632,500,-2372,3320,-3068,1508,-696,166,426,-856,959,-695,166,427
626,626,0,580,-2372,3364,-3140,1564,576,-2396,3396,426,-856,959,-696,166,426,-856,959
627,627,0,-3096,1584,488,-2396,3320,-3104,1620,500,959,-696,167,426,-856,959,-696,167
628,628,0,-2428,3324,-3084,1524,476,-2364,3356,-3060,169,424,-855,959,-697,168,425,-856
629,629,0,1632,540,-2364,3388,-3064,1588,532,-2332,-855,960,-698,169,424,-855,960,-698
630,630,0,3368,-3064,1548,612,-2504,3364,-3076,1588,-698,170,423,-855,960,-698,170,424
631,631,0,528,-2460,3356,-3084,1640,616,-2452,3364,423,-855,960,-698,170,423,-855,960
632,632,0,-3048,1552,588,-2404,3372,-3140,1520,516,960,-699,170,423,-855,960,-698,170
633,633,0,-2384,3372,-3052,1596,476,-2492,3316,-3052,171,424,-855,961,-699,171,423,-854
634,634,0,1564,524,-2372,3348,-3072,1512,500,-2436,-856,963,-700,171,423,-856,962,-699
635,635,0,3372,-3108,1540,596,-2496,3364,-3100,1564,-700,171,423,-856,962,-700,171,423
636,636,0,572,-2460,3324,-3116,1624,508,-2380,3332,423,-856,962,-701,172,423,-856,961
637,637,0,-3084,1592,552,-2500,3352,-3088,1544,508,962,-701,172,423,-856,962,-701,172
638,638,0,-2376,3324,-3132,1492,588,-2468,3292,-3092,172,422,-856,962,-701,172,422,-856
639,639,0,1576,508,-2444,3380,-3120,1520,524,-2364,-855,962,-701,172,422,-855,962,-701
640,640,0,3336,-3100,1532,532,-2388,3364,-3100,1548,-701,173,422,-855,962,-701,173,422
641,641,0,588,-2404,3332,-3084,1576,468,-2484,3324,421,-855,962,-702,173,422,-855,962
642,642,0,-3052,1532,596,-2484,3360,-3084,1588,540,962,-702,173,421,-855,962,-702,173
643,643,0,-2460,3348,-3060,1524,468,-2372,3372,-3076,174,422,-856,963,-703,174,422,-855
644,644,0,1540,572,-2452,3372,-3100,1604,620,-2324,-857,965,-703,174,422,-857,964,-703
645,645,0,3356,-3120,1548,596,-2456,3368,-3052,1624,-703,174,421,-856,964,-704,174,422
646,646,0,512,-2476,3412,-3076,1648,524,-2356,3364,421,-856,964,-704,175,421,-856,963
647,647,0,-3084,1548,604,-2484,3380,-3088,1604,636,964,-704,175,421,-856,964,-704,175
648,648,0,-2460,3348,-3124,1468,516,-2380,3348,-3092,175,421,-856,964,-704,175,421,-856
649,649,0,1576,548,-2396,3380,-3068,1548,612,-2388,-856,965,-704,176,420,-856,965,-704
650,650,0,3420,-3064,1492,620,-2488,3384,-3092,1600,-704,176,420,-856,964,-705,176,420
651,651,0,596,-2388,3332,-3068,1576,500,-2444,3316,420,-856,964,-705,176,420,-856,963
652,652,0,-3092,1516,520,-2492,3372,-3104,1520,620,965,-706,177,420,-856,965,-706,176
653,653,0,-2416,3332,-3100,1572,628,-2388,3364,-3092,177,421,-857,966,-707,177,420,-856
654,654,0,1540,540,-2396,3388,-3064,1604,492,-2412,-857,966,-706,176,421,-857,967,-707
655,655,0,3388,-3072,1600,620,-2448,3328,-3116,1516,-706,176,422,-858,966,-705,175,421
656,656,0,552,-2412,3412,-3060,1484,492,-2444,3348,421,-857,966,-706,176,421,-858,966
657,657,0,-3120,1492,636,-2476,3336,-3108,1504,668,966,-706,176,421,-857,966,-706,176
658,658,0,-2400,3388,-3084,1548,500,-2428,3284,-3076,176,421,-857,966,-706,176,421,-857
659,659,0,1560,500,-2420,3276,-3108,1512,588,-2396,-857,966,-706,177,421,-857,966,-706
660,660,0,3344,-3112,1576,500,-2472,3372,-3052,1508,-707,177,420,-857,966,-706,177,420
661,661,0,544,-2488,3380,-3076,1460,632,-2420,3380,420,-857,966,-707,177,420,-857,966
662,662,0,-3112,1536,596,-2468,3320,-3100,1564,636,966,-707,178,420,-857,966,-707,177
663,663,0,-2448,3348,-3092,1524,540,-2396,3388,-3068,178,419,-856,966,-707,178,420,-857
664,664,0,1532,548,-2380,3388,-3076,1488,508,-2380,-856,966,-707,178,419,-856,966,-707
665,665,0,3304,-3080,1608,532,-2412,3428,-3116,1484,-708,178,419,-856,966,-708,178,419
666,666,0,572,-2504,3380,-3076,1468,492,-2404,3332,419,-856,966,-708,179,419,-856,966
667,667,0,-3080,1520,552,-2412,3396,-3072,1520,612,967,-708,179,418,-856,967,-708,179
668,668,0,-2492,3348,-3092,1572,540,-2436,3332,-3092,179,418,-856,967,-708,179,418,-856
669,669,0,1516,604,-2404,3380,-3088,1488,684,-2484,-856,967,-708,180,418,-856,967,-708
670,670,0,3420,-3124,1500,628,-2496,3312,-3044,1560,-709,180,417,-855,967,-709,180,418
671,671,0,588,-2404,3388,-3100,1516,532,-2468,3332,417,-855,967,-709,180,417,-855,967
672,672,0,-3084,1584,652,-2396,3304,-3052,1556,644,967,-710,181,417,-855,967,-709,180
673,673,0,-2452,3340,-3076,1556,692,-2436,3340,-3084,181,417,-855,967,-709,181,417,-855
674,674,0,1516,580,-2492,3364,-3092,1556,508,-2420,-853,966,-709,181,416,-854,967,-709
675,675,0,3380,-3080,1584,612,-2372,3336,-3076,1476,-708,181,415,-853,965,-708,181,415
676,676,0,600,-2436,3316,-3020,1608,640,-2452,3356,415,-854,965,-709,181,415,-853,964
677,677,0,-3096,1544,512,-2500,3384,-3108,1556,652,965,-709,182,415,-853,965,-709,182
678,678,0,-2400,3356,-3068,1508,612,-2484,3348,-3092,182,414,-852,965,-709,182,414,-853
679,679,0,1508,556,-2404,3332,-3124,1524,620,-2516,-852,966,-709,182,414,-852,965,-708
680,680,0,3328,-3112,1476,572,-2504,3320,-3052,1460,-709,183,414,-852,965,-709,183,414
681,681,0,612,-2436,3364,-3084,1552,564,-2428,3356,412,-851,964,-709,183,413,-852,964
682,682,0,-3044,1508,636,-2396,3380,-3056,1488,652,962,-708,183,412,-850,963,-709,183
683,683,0,-2408,3348,-3084,1548,676,-2492,3356,-3044,183,412,-850,963,-709,183,412,-849
684,684,0,1576,684,-2444,3324,-3048,1480,636,-2420,-850,964,-709,184,412,-850,964,-709
685,685,0,3372,-3116,1476,628,-2488,3336,-3084,1544,-708,184,411,-850,963,-709,184,412
686,686,0,620,-2488,3356,-3092,1568,484,-2476,3372,411,-850,963,-709,184,411,-850,962
687,687,0,-3072,1484,560,-2420,3288,-3072,1548,676,962,-709,185,411,-849,963,-710,184
688,688,0,-2468,3316,-3084,1540,540,-2524,3388,-3108,185,410,-848,962,-709,185,411,-848
689,689,0,1516,540,-2404,3356,-3076,1556,508,-2484,-846,962,-709,185,409,-847,962,-708
690,690,0,3372,-3068,1468,620,-2504,3404,-3092,1544,-710,187,408,-847,962,-709,186,409
691,691,0,552,-2436,3340,-3052,1484,632,-2476,3324,407,-847,962,-710,187,407,-847,962
692,692,0,-3032,1476,632,-2420,3452,-3060,1556,652,961,-711,188,407,-846,962,-711,188
693,693,0,-2424,3340,-3084,1548,604,-2532,3324,-3092,188,407,-846,962,-711,188,407,-845
694,694,0,1536,660,-2524,3372,-3072,1472,620,-2484,-845,962,-711,188,406,-846,963,-711
695,695,0,3336,-3084,1460,644,-2412,3412,-3060,1576,-710,189,405,-845,961,-711,189,406
696,696,0,604,-2520,3364,-3052,1560,540,-2444,3364,404,-844,960,-710,189,405,-845,960
697,697,0,-3036,1468,644,-2420,3396,-3064,1564,644,960,-710,189,404,-843,960,-710,189
698,698,0,-2508,3364,-3068,1516,564,-2484,3372,-3100,189,405,-843,960,-710,189,405,-843
699,699,0,1492,636,-2444,3388,-3020,1556,636,-2484,-843,960,-711,190,404,-843,960,-711
700,700,0,3388,-3080,1460,564,-2428,3356,-3052,1544,-711,190,404,-843,960,-711,190,404
701,701,0,620,-2468,3404,-3092,1536,540,-2428,3404,403,-843,960,-711,190,403,-843,960
702,702,0,-3088,1468,652,-2452,3364,-3064,1564,652,960,-711,191,403,-843,960,-711,190
703,703,0,-2500,3348,-3036,1476,564,-2444,3348,-3076,191,403,-843,960,-712,191,403,-843
704,704,0,1508,540,-2428,3340,-3028,1472,540,-2444,-842,961,-712,191,403,-842,961,-712
705,705,0,3356,-3076,1520,604,-2412,3320,-3092,1460,-711,191,402,-842,961,-712,191,402
706,706,0,628,-2528,3388,-3036,1552,648,-2492,3348,402,-843,961,-712,192,402,-842,960
707,707,0,-3076,1480,576,-2428,3388,-3040,1516,588,960,-712,192,402,-842,961,-713,192
708,708,0,-2472,3356,-3060,1548,644,-2508,3324,-3060,192,401,-841,960,-712,192,402,-841
709,709,0,1468,572,-2516,3308,-3068,1472,588,-2460,-839,959,-711,192,400,-840,960,-711
710,710,0,3396,-3060,1576,660,-2404,3380,-3076,1584,-712,193,400,-840,959,-712,193,400
711,711,0,568,-2504,3348,-3044,1452,672,-2492,3340,400,-840,959,-712,193,400,-841,959
712,712,0,-3096,1476,668,-2484,3344,-3056,1456,676,959,-712,193,399,-839,959,-712,193
713,713,0,-2492,3380,-3068,1500,652,-2444,3356,-3084,194,399,-839,959,-712,193,399,-839
714,714,0,1488,676,-2428,3324,-3064,1480,644,-2516,-839,959,-712,194,399,-839,959,-712
715,715,0,3436,-3100,1536,668,-2452,3404,-3052,1528,-713,194,399,-839,959,-713,194,399
716,716,0,632,-2452,3388,-3076,1512,656,-2540,3340,400,-839,959,-712,193,399,-839,959
717,717,0,-3008,1512,576,-2452,3368,-3052,1456,652,959,-712,193,400,-840,959,-712,193
718,718,0,-2476,3364,-3092,1500,572,-2500,3412,-3036,193,399,-839,959,-712,193,400,-839
719,719,0,1476,700,-2548,3372,-3064,1532,652,-2436,-839,960,-712,193,399,-839,959,-711
720,720,0,3364,-3056,1452,708,-2412,3328,-3052,1460,-713,194,399,-840,960,-713,194,399
721,721,0,636,-2460,3372,-3036,1444,704,-2508,3380,400,-842,961,-714,194,400,-841,960
722,722,0,-3060,1496,608,-2452,3372,-3048,1564,652,960,-714,194,399,-841,961,-714,194
723,723,0,-2532,3380,-3060,1460,548,-2452,3364,-3052,195,399,-840,961,-714,195,399,-840
724,724,0,1496,620,-2540,3340,-3068,1532,564,-2428,-840,961,-714,195,399,-840,961,-714
725,725,0,3360,-3052,1520,588,-2420,3368,-3060,1444,-714,195,399,-840,961,-714,195,399
726,726,0,644,-2544,3324,-3036,1488,604,-2444,3324,400,-840,961,-714,194,399,-840,961
727,727,0,-3056,1496,624,-2564,3360,-3076,1464,620,960,-713,194,400,-841,960,-713,194
728,728,0,-2464,3372,-3052,1532,700,-2548,3356,-3036,194,399,-841,960,-714,194,400,-841
729,729,0,1484,588,-2532,3396,-3044,1492,636,-2516,-840,961,-714,194,399,-840,961,-714
730,730,0,3404,-3064,1544,700,-2504,3412,-3020,1492,-714,195,399,-840,961,-714,195,399
731,731,0,660,-2468,3388,-3076,1484,704,-2428,3404,399,-840,961,-714,195,399,-840,961
732,732,0,-3056,1520,584,-2532,3368,-3076,1464,676,961,-714,195,398,-840,961,-714,195
733,733,0,-2472,3348,-3068,1460,692,-2452,3356,-3028,196,398,-840,961,-715,195,398,-840
734,734,0,1420,684,-2500,3412,-3052,1540,588,-2564,-840,961,-715,196,398,-840,961,-715
735,735,0,3388,-3008,1460,692,-2560,3328,-3060,1436,-715,196,398,-839,961,-715,196,398
736,736,0,676,-2460,3372,-3028,1508,664,-2388,3372,397,-839,961,-715,196,397,-839,961
737,737,0,-3032,1528,676,-2460,3428,-3060,1424,596,960,-715,196,398,-840,961,-715,197
738,738,0,-2464,3396,-3060,1508,708,-2540,3364,-3036,195,398,-840,960,-714,195,399,-840
739,739,0,1420,660,-2564,3380,-2984,1524,596,-2564,-840,960,-714,195,398,-840,960,-714
740,740,0,3364,-3068,1452,692,-2452,3328,-3028,1536,-715,196,398,-840,960,-714,195,398
741,741,0,624,-2512,3412,-3020,1504,696,-2460,3396,398,-839,960,-715,196,398,-839,960
742,742,0,-3068,1452,692,-2524,3360,-3044,1432,732,961,-715,196,397,-839,961,-715,196
743,743,0,-2524,3348,-3028,1460,572,-2500,3364,-3036,197,397,-839,961,-715,196,397,-839
744,744,0,1484,620,-2516,3364,-3036,1516,676,-2468,-839,961,-715,197,397,-839,961,-715
745,745,0,3320,-3060,1480,708,-2460,3384,-3012,1536,-716,197,397,-839,961,-715,197,397
746,746,0,632,-2536,3348,-3036,1420,612,-2468,3348,396,-839,961,-716,197,396,-839,961
747,747,0,-3048,1520,640,-2452,3336,-3020,1492,604,961,-716,198,396,-839,961,-716,197
748,748,0,-2556,3404,-3028,1508,708,-2592,3364,-3060,198,396,-838,961,-716,198,396,-838
749,749,0,1480,652,-2540,3388,-3032,1448,604,-2540,-838,961,-716,198,396,-838,961,-716
750,750,0,3352,-3036,1460,644,-2444,3412,-3028,1452,-717,199,395,-838,961,-716,198,395
751,751,0,660,-2576,3372,-3092,1448,636,-2572,3404,395,-838,961,-717,199,395,-838,961
752,752,0,-3024,1504,724,-2476,3416,-3052,1480,716,961,-717,199,395,-838,961,-717,199
753,753,0,-2564,3388,-3004,1428,748,-2548,3348,-3036,199,394,-838,961,-717,199,395,-838
754,754,0,1480,604,-2500,3388,-3076,1400,660,-2532,-837,961,-717,200,394,-838,961,-717
755,755,0,3388,-3016,1512,620,-2560,3404,-3004,1428,-718,200,394,-837,961,-717,200,394
756,756,0,700,-2528,3380,-3036,1512,596,-2524,3364,394,-837,961,-718,200,394,-837,961
757,757,0,-3044,1460,692,-2564,3388,-3028,1424,692,961,-718,201,393,-837,961,-718,200
758,758,0,-2488,3372,-3044,1516,676,-2444,3412,-3052,201,393,-837,961,-718,201,393,-837
759,759,0,1436,628,-2508,3340,-3036,1532,604,-2572,-837,961,-718,201,393,-837,961,-718
760,760,0,3372,-3068,1496,596,-2576,3372,-3052,1496,-719,201,393,-837,961,-718,201,393
761,761,0,640,-2460,3404,-3052,1496,636,-2500,3348,392,-836,961,-719,202,392,-837,961
762,762,0,-3040,1472,708,-2532,3380,-3084,1424,604,961,-719,202,392,-836,961,-719,202
763,763,0,-2572,3372,-3052,1468,732,-2476,3340,-3028,202,392,-836,961,-719,202,392,-836
764,764,0,1428,660,-2452,3404,-3040,1368,700,-2572,-836,961,-719,203,392,-836,961,-719
765,765,0,3356,-3076,1504,700,-2484,3436,-3084,1536,-720,203,391,-836,961,-719,203,391
766,766,0,632,-2460,3380,-3012,1456,688,-2524,3364,391,-836,961,-720,203,391,-836,961
767,767,0,-3044,1432,592,-2548,3336,-3044,1428,676,961,-721,203,391,-836,961,-720,203
768,768,0,-2520,3364,-3020,1508,700,-2540,3404,-3084,204,390,-835,961,-720,204,391,-836
769,769,0,1464,676,-2556,3356,-3044,1440,684,-2564,-834,963,-721,205,389,-835,962,-719
770,770,0,3336,-3052,1404,716,-2560,3404,-3004,1412,-723,207,389,-835,963,-723,206,388
771,771,0,600,-2460,3316,-3020,1488,752,-2540,3372,389,-837,964,-723,207,389,-836,963
772,772,0,-3080,1480,692,-2580,3388,-3044,1500,636,963,-724,207,389,-836,964,-724,207
773,773,0,-2488,3364,-3020,1484,716,-2460,3340,-3028,207,388,-836,964,-724,207,388,-835
774,774,0,1428,644,-2596,3396,-3008,1392,636,-2524,-835,964,-724,208,388,-836,964,-724
775,775,0,3356,-3052,1448,620,-2560,3320,-3052,1420,-723,207,389,-836,964,-723,207,388
776,776,0,708,-2584,3364,-3028,1488,612,-2500,3364,389,-836,964,-723,206,389,-836,964
777,777,0,-3072,1428,624,-2484,3412,-3012,1424,772,964,-723,207,389,-836,964,-723,206
778,778,0,-2532,3348,-3020,1444,732,-2624,3316,-3028,207,389,-836,964,-723,207,389,-836
779,779,0,1456,684,-2564,3380,-2960,1460,628,-2468,-836,964,-724,207,388,-836,964,-723
780,780,0,3368,-2988,1404,628,-2492,3380,-2996,1472,-724,208,388,-835,964,-724,207,388
781,781,0,676,-2508,3388,-3028,1504,628,-2540,3348,387,-835,964,-724,208,388,-835,964
782,782,0,-3032,1404,648,-2540,3368,-2996,1408,628,964,-725,208,388,-835,964,-724,208
783,783,0,-2564,3388,-2980,1484,716,-2556,3348,-3012,209,388,-836,965,-725,208,388,-835
784,784,0,1456,684,-2436,3388,-3036,1476,724,-2452,-837,967,-726,209,388,-837,966,-725
785,785,0,3388,-3016,1480,652,-2552,3312,-2996,1504,-725,209,388,-837,966,-726,209,388
786,786,0,708,-2544,3332,-3084,1412,728,-2580,3364,387,-836,966,-726,209,388,-836,965
787,787,0,-3004,1412,716,-2588,3368,-3048,1392,740,966,-727,210,387,-836,966,-726,210
788,788,0,-2480,3316,-2988,1452,708,-2508,3396,-2996,210,387,-836,966,-727,210,387,-836
789,789,0,1428,692,-2572,3308,-3028,1368,596,-2572,-836,966,-727,210,387,-836,966,-727
790,790,0,3352,-3036,1488,724,-2584,3396,-3036,1428,-726,210,387,-836,966,-726,210,387
791,791,0,680,-2576,3364,-3020,1380,620,-2564,3404,388,-837,966,-726,209,388,-837,966
792,792,0,-3036,1380,772,-2460,3372,-3000,1392,612,965,-726,209,388,-836,966,-726,209
793,793,0,-2580,3348,-3004,1428,668,-2592,3412,-2996,210,388,-836,966,-726,209,387,-835
794,794,0,1464,652,-2580,3388,-3024,1436,628,-2484,-837,968,-727,210,388,-837,967,-726
795,795,0,3396,-3036,1448,740,-2568,3360,-3004,1472,-728,210,388,-838,968,-728,210,387
796,796,0,700,-2560,3372,-3076,1480,736,-2484,3380,387,-837,968,-728,211,388,-838,968
797,797,0,-3020,1420,740,-2580,3388,-3016,1392,748,968,-728,211,387,-837,968,-728,211
798,798,0,-2548,3372,-3060,1452,636,-2508,3404,-3012,209,388,-838,968,-728,210,387,-837
799,799,0,1480,652,-2484,3380,-2976,1408,660,-2460,-838,967,-727,209,388,-838,967,-727
800,800,0,3332,-3012,1488,756,-2484,3320,-2988,1388,-728,210,388,-838,967,-727,210,388
801,801,0,656,-2460,3380,-2996,1456,760,-2460,3416,388,-838,967,-728,210,388,-838,967
802,802,0,-3016,1388,656,-2500,3352,-3020,1408,652,967,-728,210,388,-837,967,-728,210
803,803,0,-2596,3380,-3020,1380,700,-2600,3396,-2996,211,387,-837,967,-728,211,387,-837
804,804,0,1404,740,-2484,3372,-2992,1476,732,-2484,-837,968,-728,211,387,-837,968,-728
805,805,0,3396,-3028,1396,668,-2468,3396,-3036,1480,-729,211,387,-837,968,-728,211,387
806,806,0,724,-2492,3372,-3012,1372,636,-2580,3380,386,-837,968,-729,211,387,-837,968
807,807,0,-2996,1424,656,-2524,3360,-3060,1476,764,968,-729,212,386,-837,968,-729,212
808,808,0,-2572,3372,-2996,1340,764,-2600,3356,-3060,210,387,-837,967,-728,211,387,-837
809,809,0,1456,660,-2588,3356,-3028,1444,660,-2604,-837,967,-728,210,387,-837,967,-728
810,810,0,3392,-3056,1464,660,-2508,3404,-3044,1388,-728,211,387,-837,967,-728,211,387
811,811,0,680,-2560,3412,-2988,1488,636,-2460,3404,387,-837,967,-728,211,387,-837,967
812,812,0,-2976,1356,680,-2588,3404,-3020,1376,740,966,-728,211,387,-837,967,-728,211
813,813,0,-2596,3396,-3004,1372,748,-2500,3348,-2988,212,387,-837,967,-729,211,386,-836
814,814,0,1388,716,-2612,3412,-3008,1408,676,-2580,-836,967,-729,212,386,-837,968,-729
815,815,0,3336,-3020,1404,764,-2608,3360,-3028,1448,-728,212,385,-835,966,-728,212,385
816,816,0,756,-2516,3372,-3044,1472,668,-2564,3404,384,-834,966,-728,212,385,-835,966
817,817,0,-3012,1380,740,-2524,3360,-3052,1436,668,966,-728,212,384,-834,966,-728,212
818,818,0,-2536,3372,-3028,1388,660,-2600,3388,-2996,213,384,-834,966,-728,213,385,-834
819,819,0,1464,716,-2492,3412,-2992,1384,760,-2532,-835,965,-728,212,385,-834,965,-728
820,820,0,3388,-3012,1456,772,-2492,3320,-3044,1440,-727,211,385,-835,965,-727,211,385
821,821,0,704,-2516,3364,-3012,1464,676,-2596,3372,385,-834,965,-727,212,385,-835,965
822,822,0,-3024,1424,672,-2508,3348,-3004,1444,676,965,-728,212,385,-834,965,-727,212
823,823,0,-2496,3380,-3012,1348,692,-2548,3388,-3004,212,384,-834,965,-728,212,385,-834
824,824,0,1472,772,-2492,3324,-3036,1360,792,-2596,-834,965,-728,213,384,-834,965,-728
825,825,0,3412,-3008,1488,684,-2508,3388,-3012,1472,-728,213,384,-834,965,-728,213,384
826,826,0,680,-2600,3388,-3004,1340,692,-2484,3404,383,-834,965,-728,213,384,-834,965
827,827,0,-3044,1416,764,-2604,3396,-3036,1420,696,965,-729,213,383,-834,965,-728,213
828,828,0,-2536,3420,-3012,1380,812,-2608,3444,-3036,214,383,-833,965,-729,214,383,-834
829,829,0,1404,780,-2596,3372,-3044,1476,760,-2596,-833,966,-729,214,383,-833,965,-729
830,830,0,3336,-2992,1464,692,-2632,3384,-2980,1388,-729,214,382,-833,966,-729,214,383
831,831,0,712,-2508,3388,-3036,1348,660,-2612,3404,382,-833,966,-729,214,382,-833,966
832,832,0,-3020,1396,796,-2628,3360,-2988,1408,796,966,-730,215,382,-833,966,-729,215
833,833,0,-2580,3396,-2996,1452,644,-2592,3436,-2980,215,382,-833,966,-730,215,382,-833
834,834,0,1424,796,-2596,3356,-2968,1460,668,-2588,-832,966,-730,215,381,-833,966,-730
835,835,0,3404,-3016,1448,788,-2608,3352,-2948,1456,-730,216,381,-832,966,-730,216,381
836,836,0,656,-2564,3348,-2964,1408,740,-2508,3432,381,-832,966,-730,216,381,-832,966
837,837,0,-2968,1412,764,-2500,3436,-3016,1400,704,966,-731,216,381,-832,966,-730,216
838,838,0,-2580,3404,-2972,1444,788,-2500,3396,-3004,217,380,-832,966,-731,217,380,-832
839,839,0,1384,756,-2460,3372,-2944,1484,776,-2468,-832,966,-731,217,380,-832,966,-731
840,840,0,3424,-2960,1364,772,-2484,3356,-2972,1448,-731,217,380,-832,966,-731,217,380
841,841,0,696,-2600,3380,-2996,1364,816,-2612,3372,379,-831,966,-731,217,380,-832,966
842,842,0,-2996,1368,704,-2500,3384,-3020,1352,704,966,-732,218,379,-831,966,-731,218
843,843,0,-2564,3412,-2972,1428,788,-2600,3364,-3036,218,379,-831,966,-732,218,379,-831
844,844,0,1424,676,-2524,3372,-3036,1404,700,-2604,-831,966,-732,218,379,-831,966,-732
845,845,0,3340,-3032,1340,796,-2500,3336,-3004,1380,-734,220,377,-830,966,-733,219,379
846,846,0,712,-2568,3396,-3028,1348,784,-2508,3324,376,-830,966,-734,221,376,-830,966
847,847,0,-2996,1400,788,-2500,3344,-3000,1336,804,966,-734,221,376,-830,966,-734,221
848,848,0,-2588,3388,-3044,1468,788,-2592,3444,-2980,222,376,-829,966,-734,221,376,-830
849,849,0,1416,708,-2476,3372,-3004,1420,784,-2516,-829,966,-734,222,376,-829,966,-734
850,850,0,3352,-3016,1340,812,-2608,3376,-3012,1364,-735,222,375,-829,966,-734,222,375
851,851,0,748,-2608,3412,-3020,1340,800,-2540,3364,375,-829,966,-735,222,375,-829,966
852,852,0,-3020,1392,704,-2580,3396,-2984,1352,788,966,-735,223,375,-829,966,-735,222
853,853,0,-2588,3372,-3004,1332,844,-2600,3372,-2972,223,374,-829,966,-735,223,375,-829
854,854,0,1408,716,-2620,3388,-3044,1344,784,-2564,-829,967,-735,223,374,-829,967,-735
855,855,0,3356,-3036,1416,756,-2592,3420,-3020,1432,-736,224,374,-828,967,-735,224,374
856,856,0,680,-2624,3380,-3012,1332,652,-2540,3340,373,-828,967,-736,224,374,-828,967
857,857,0,-2988,1400,796,-2660,3344,-3012,1320,696,967,-737,224,373,-828,967,-736,224
858,858,0,-2620,3388,-2964,1404,708,-2624,3420,-2988,225,374,-829,968,-737,224,374,-828
859,859,0,1356,724,-2524,3372,-2992,1404,816,-2524,-830,970,-738,225,374,-830,969,-737
860,860,0,3396,-3000,1348,684,-2564,3344,-2972,1400,-737,225,373,-829,969,-738,225,374
861,861,0,796,-2616,3412,-2964,1456,764,-2556,3348,373,-829,969,-738,225,373,-829,968
862,862,0,-3040,1340,712,-2564,3408,-2960,1404,804,969,-738,226,373,-829,969,-738,226
863,863,0,-2528,3436,-2988,1324,716,-2680,3348,-3004,226,373,-829,969,-738,226,373,-829
864,864,0,1416,804,-2556,3332,-3032,1344,740,-2636,-829,969,-739,226,372,-829,969,-739
865,865,0,3412,-2988,1408,700,-2584,3360,-2996,1448,-739,227,372,-829,969,-739,227,372
866,866,0,696,-2624,3436,-3020,1332,676,-2532,3388,372,-828,969,-739,227,372,-829,969
867,867,0,-3004,1392,804,-2644,3420,-2984,1396,860,969,-739,227,372,-828,969,-739,227
868,868,0,-2620,3404,-2972,1412,812,-2540,3388,-2988,228,371,-828,969,-739,227,371,-828
869,869,0,1340,804,-2604,3388,-2920,1420,816,-2524,-828,969,-740,228,371,-828,969,-739
870,870,0,3396,-3012,1400,812,-2540,3388,-2932,1384,-740,228,371,-828,969,-740,228,371
871,871,0,744,-2524,3396,-2964,1416,840,-2540,3404,372,-828,969,-739,227,371,-828,969
872,872,0,-2968,1408,736,-2628,3412,-2956,1380,836,969,-739,227,372,-828,969,-739,227
873,873,0,-2604,3372,-2964,1412,828,-2656,3380,-2980,227,372,-828,969,-739,227,372,-828
874,874,0,1400,804,-2524,3372,-2960,1352,768,-2628,-828,969,-739,227,371,-828,969,-739
875,875,0,3360,-2968,1324,700,-2640,3396,-3004,1416,-739,228,371,-828,969,-739,227,371
876,876,0,760,-2524,3380,-2996,1408,700,-2612,3396,371,-828,969,-740,228,371,-828,969
877,877,0,-2980,1340,720,-2644,3388,-2984,1392,796,969,-740,228,371,-828,969,-740,228
878,878,0,-2620,3356,-2964,1388,812,-2640,3324,-2932,229,370,-828,969,-740,228,370,-828
879,879,0,1356,716,-2556,3396,-2980,1388,732,-2636,-826,969,-740,229,370,-827,969,-740
880,880,0,3388,-2952,1324,836,-2540,3336,-2996,1348,-740,229,370,-827,969,-740,229,369
881,881,0,744,-2624,3372,-3036,1316,816,-2556,3348,369,-827,969,-740,229,369,-828,969
882,882,0,-2960,1368,812,-2652,3328,-2968,1388,860,967,-740,229,369,-826,968,-741,229
883,883,0,-2568,3396,-2972,1396,740,-2664,3380,-2980,230,368,-825,967,-739,230,369,-825
884,884,0,1324,724,-2500,3420,-2952,1312,792,-2628,-825,967,-740,230,368,-825,967,-739
885,885,0,3388,-2972,1332,828,-2516,3404,-2964,1324,-740,230,367,-825,967,-740,230,368
886,886,0,736,-2600,3396,-2956,1424,864,-2564,3416,367,-824,967,-740,230,367,-825,967
887,887,0,-2992,1392,852,-2636,3436,-2964,1328,752,967,-740,231,367,-824,967,-740,231
888,888,0,-2600,3396,-2964,1412,676,-2688,3372,-2948,231,367,-824,967,-740,231,367,-824
889,889,0,1332,748,-2604,3364,-2968,1396,848,-2540,-824,967,-741,231,366,-824,967,-741
890,890,0,3336,-2972,1368,828,-2532,3420,-2956,1376,-741,232,366,-824,967,-741,232,366
891,891,0,720,-2632,3420,-3004,1316,796,-2540,3408,366,-824,967,-741,232,366,-824,967
892,892,0,-2956,1324,820,-2572,3372,-2972,1304,812,967,-741,232,365,-824,967,-741,232
893,893,0,-2568,3380,-2964,1404,708,-2632,3396,-2948,233,365,-823,967,-741,232,365,-823
894,894,0,1416,804,-2516,3380,-2980,1396,756,-2636,-823,967,-742,233,365,-823,967,-741
895,895,0,3376,-3028,1400,812,-2632,3416,-2964,1316,-742,233,365,-823,967,-742,233,365
896,896,0,828,-2584,3380,-2964,1292,848,-2620,3332,364,-823,967,-742,233,364,-823,967
897,897,0,-2976,1368,784,-2700,3392,-2968,1364,752,966,-742,234,364,-823,967,-742,233
898,898,0,-2620,3364,-2972,1388,708,-2532,3372,-2956,234,364,-823,967,-742,234,364,-822
899,899,0,1332,820,-2644,3420,-2952,1288,832,-2532,-822,967,-743,234,364,-822,968,-742
900,900,0,3396,-2988,1340,796,-2648,3384,-2940,1332,-741,234,363,-821,966,-742,234,363
901,901,0,760,-2548,3388,-3020,1332,756,-2628,3396,360,-820,965,-742,235,361,-821,965
902,902,0,-2968,1324,820,-2572,3376,-2972,1364,736,966,-743,237,360,-819,966,-743,236
903,903,0,-2652,3396,-2980,1364,844,-2664,3388,-3004,237,360,-819,966,-743,237,360,-819
904,904,0,1340,868,-2660,3356,-2996,1328,840,-2532,-819,966,-743,237,360,-819,966,-743
905,905,0,3328,-3012,1300,828,-2672,3352,-2956,1308,-744,238,359,-819,966,-744,238,359
906,906,0,776,-2596,3404,-2980,1316,764,-2660,3396,359,-819,966,-744,238,359,-819,966
907,907,0,-2952,1360,760,-2580,3400,-2976,1388,712,966,-744,238,359,-819,966,-744,238
908,908,0,-2636,3388,-2964,1260,868,-2656,3404,-3020,239,358,-818,966,-744,238,358,-818
909,909,0,1316,836,-2588,3372,-2980,1344,740,-2628,-818,967,-744,239,358,-818,967,-744
910,910,0,3372,-2952,1324,812,-2556,3420,-2924,1352,-744,239,358,-818,966,-745,239,358
911,911,0,852,-2572,3420,-2972,1292,896,-2644,3364,357,-819,966,-745,239,358,-818,965
912,912,0,-3000,1336,836,-2556,3368,-3004,1380,752,967,-746,240,358,-819,967,-746,239
913,913,0,-2628,3404,-2980,1364,756,-2564,3332,-2988,240,358,-819,968,-747,240,358,-819
914,914,0,1308,836,-2668,3388,-2972,1364,756,-2628,-818,968,-747,241,358,-819,969,-747
915,915,0,3344,-2960,1376,732,-2532,3404,-2964,1276,-747,241,357,-819,968,-747,241,357
916,916,0,828,-2636,3380,-2932,1268,756,-2644,3364,357,-819,968,-747,241,357,-819,968
917,917,0,-2984,1300,784,-2652,3400,-2960,1340,776,968,-747,241,357,-819,968,-747,241
918,918,0,-2600,3388,-2940,1340,836,-2648,3412,-2988,242,356,-819,968,-748,242,357,-819
919,919,0,1360,868,-2580,3332,-3012,1348,880,-2564,-817,968,-748,243,355,-818,968,-748
920,920,0,3380,-2920,1384,828,-2648,3388,-2932,1368,-749,244,354,-817,968,-749,244,354
921,921,0,784,-2540,3380,-2956,1284,880,-2580,3420,354,-817,968,-750,244,354,-817,968
922,922,0,-2984,1332,768,-2572,3352,-2988,1356,752,968,-750,245,354,-817,968,-750,245
923,923,0,-2636,3388,-2948,1284,764,-2596,3412,-2964,245,353,-817,968,-750,245,353,-817
924,924,0,1376,764,-2636,3372,-2928,1404,840,-2572,-817,968,-750,245,353,-817,968,-750
925,925,0,3412,-2952,1400,876,-2680,3364,-2980,1300,-750,246,353,-816,968,-750,246,353
926,926,0,776,-2564,3372,-2956,1300,732,-2652,3332,352,-816,968,-750,246,353,-816,968
927,927,0,-2964,1288,792,-2580,3460,-2980,1328,768,968,-751,246,352,-816,968,-751,246
928,928,0,-2592,3388,-2972,1300,724,-2656,3420,-2956,246,352,-816,968,-751,246,352,-816
929,929,0,1376,812,-2652,3332,-2948,1388,848,-2668,-817,969,-750,246,353,-816,968,-750
930,930,0,3412,-2972,1284,876,-2572,3412,-2964,1260,-751,246,354,-818,969,-750,245,353
931,931,0,808,-2624,3412,-2948,1252,764,-2644,3424,354,-819,970,-751,246,354,-818,969
932,932,0,-2968,1300,868,-2620,3352,-2960,1316,860,969,-752,246,354,-818,970,-752,246
933,933,0,-2652,3412,-2996,1252,892,-2596,3444,-2940,246,353,-818,970,-752,246,353,-817
934,934,0,1284,892,-2580,3332,-2916,1304,880,-2644,-818,970,-752,247,353,-818,970,-752
935,935,0,3368,-3004,1352,860,-2572,3420,-2940,1352,-752,247,353,-818,970,-752,247,353
936,936,0,832,-2596,3396,-2964,1276,872,-2636,3380,352,-817,970,-752,247,352,-817,970
937,937,0,-2944,1284,784,-2668,3376,-2940,1340,840,970,-753,248,352,-817,970,-752,247
938,938,0,-2668,3444,-2940,1268,780,-2588,3436,-2932,246,353,-818,970,-752,247,353,-817
939,939,0,1336,788,-2580,3452,-2952,1304,780,-2692,-818,970,-752,246,353,-818,970,-751
940,940,0,3352,-2944,1284,900,-2548,3404,-2980,1336,-752,246,353,-818,970,-752,246,353
941,941,0,836,-2636,3412,-2980,1376,756,-2684,3372,353,-817,970,-752,247,353,-818,970
942,942,0,-2948,1284,876,-2668,3392,-2936,1288,884,970,-752,247,353,-817,970,-752,247
943,943,0,-2616,3420,-2956,1324,876,-2648,3380,-2972,245,353,-818,970,-752,246,352,-817
944,944,0,1320,884,-2580,3412,-2944,1296,880,-2572,-818,970,-751,246,354,-818,970,-751
945,945,0,3412,-2972,1312,788,-2680,3328,-2980,1252,-751,246,353,-818,970,-751,246,354
946,946,0,832,-2636,3380,-2972,1368,880,-2684,3416,353,-818,970,-751,246,353,-818,970
947,947,0,-2964,1320,760,-2596,3432,-2924,1364,884,970,-751,245,354,-818,970,-752,246
948,948,0,-2652,3380,-2956,1332,876,-2612,3428,-3004,245,354,-818,970,-750,245,355,-818
949,949,0,1260,892,-2604,3428,-2944,1348,904,-2676,-818,970,-751,245,354,-818,970,-751
950,950,0,3352,-2912,1344,884,-2620,3364,-2964,1252,-751,245,354,-818,970,-751,245,354
951,951,0,840,-2664,3420,-2948,1368,896,-2588,3396,355,-818,969,-750,245,355,-818,970
952,952,0,-2948,1292,824,-2588,3428,-2928,1332,900,969,-750,244,355,-819,969,-750,244
953,953,0,-2644,3356,-2948,1324,892,-2680,3428,-2900,244,355,-818,969,-750,244,355,-818
954,954,0,1300,868,-2660,3396,-2912,1280,780,-2692,-818,969,-750,244,355,-818,969,-750
955,955,0,3396,-2988,1204,916,-2564,3420,-2956,1260,-750,245,354,-818,969,-750,245,354
956,956,0,840,-2604,3420,-2980,1260,812,-2604,3380,356,-819,969,-750,244,355,-818,968
957,957,0,-2968,1296,860,-2612,3396,-2944,1332,808,968,-749,243,356,-819,969,-750,243
958,958,0,-2660,3428,-2916,1260,908,-2628,3364,-2972,243,355,-818,968,-749,243,355,-818
959,959,0,1296,820,-2612,3372,-2948,1324,872,-2676,-816,967,-748,244,354,-817,968,-748
960,960,0,3388,-2972,1244,884,-2548,3436,-2932,1352,-747,243,355,-817,967,-748,243,354
961,961,0,900,-2604,3420,-2940,1368,820,-2684,3416,355,-818,967,-747,242,355,-818,967
962,962,0,-2940,1284,784,-2676,3360,-2940,1256,808,967,-748,243,355,-817,967,-747,242
963,963,0,-2616,3420,-2932,1260,932,-2636,3420,-2972,243,355,-817,967,-748,243,355,-817
964,964,0,1296,844,-2668,3396,-2912,1280,804,-2692,-817,967,-748,243,355,-817,967,-748
965,965,0,3344,-2928,1368,900,-2656,3380,-2972,1252,-748,243,354,-817,967,-748,243,354
966,966,0,868,-2612,3396,-2956,1304,828,-2676,3356,354,-816,967,-748,244,354,-816,967
967,967,0,-2956,1328,916,-2596,3412,-2964,1348,824,967,-748,243,355,-817,967,-748,244
968,968,0,-2676,3388,-2924,1220,764,-2596,3372,-2980,242,355,-817,967,-747,242,355,-817
969,969,0,1272,796,-2708,3396,-2936,1340,888,-2692,-817,967,-747,243,355,-817,967,-747
970,970,0,3360,-2988,1252,812,-2656,3372,-2924,1328,-748,243,355,-817,967,-748,243,355
971,971,0,916,-2664,3412,-2940,1228,904,-2572,3404,354,-817,967,-748,243,354,-817,967
972,972,0,-2944,1268,884,-2628,3360,-2924,1224,900,967,-748,243,354,-816,967,-748,243
973,973,0,-2708,3412,-2948,1276,908,-2668,3396,-2972,244,354,-816,967,-748,244,354,-816
974,974,0,1276,788,-2724,3412,-2956,1200,904,-2636,-816,967,-748,244,354,-816,967,-748
975,975,0,3396,-2928,1304,884,-2628,3344,-2900,1228,-749,244,353,-816,967,-749,244,353
976,976,0,840,-2628,3404,-2924,1368,828,-2684,3396,353,-816,967,-749,245,353,-816,967
977,977,0,-2940,1236,924,-2700,3404,-2956,1324,908,967,-749,245,353,-816,967,-749,245
978,978,0,-2660,3420,-2964,1332,852,-2596,3340,-2924,245,352,-815,967,-749,245,353,-816
979,979,0,1268,820,-2668,3372,-2912,1240,896,-2588,-815,967,-749,245,352,-815,967,-749
980,980,0,3328,-2916,1276,900,-2680,3384,-2932,1228,-750,246,352,-815,967,-749,246,352
981,981,0,924,-2680,3396,-2932,1260,936,-2580,3448,352,-815,967,-750,246,352,-815,967
982,982,0,-2956,1260,816,-2684,3396,-2912,1316,816,967,-750,246,351,-815,967,-750,246
983,983,0,-2616,3412,-2924,1236,844,-2672,3436,-2948,249,350,-814,967,-751,247,350,-815
984,984,0,1360,892,-2716,3372,-2888,1264,936,-2676,-813,967,-752,249,349,-814,967,-752
985,985,0,3376,-2960,1344,948,-2564,3352,-2932,1228,-752,249,349,-813,967,-752,249,349
986,986,0,896,-2672,3396,-2932,1312,828,-2700,3364,348,-813,967,-752,249,349,-813,967
987,987,0,-2916,1236,864,-2700,3380,-2920,1308,832,967,-752,250,348,-813,967,-752,250
988,988,0,-2648,3380,-2892,1196,812,-2688,3396,-2948,250,348,-813,967,-752,250,348,-813
989,989,0,1188,892,-2668,3364,-2932,1240,884,-2708,-813,967,-753,250,348,-813,967,-752
990,990,0,3368,-2948,1320,884,-2680,3436,-2916,1220,-754,252,346,-812,968,-753,252,347
991,991,0,824,-2688,3412,-2932,1312,852,-2692,3396,345,-811,968,-754,253,345,-812,968
992,992,0,-2920,1252,848,-2668,3380,-2948,1272,924,968,-755,253,345,-811,968,-754,253
993,993,0,-2648,3412,-2956,1292,940,-2636,3412,-2916,254,346,-812,969,-755,253,345,-811
994,994,0,1288,876,-2684,3404,-2924,1324,828,-2676,-813,971,-756,254,345,-813,970,-756
995,995,0,3368,-2956,1280,836,-2696,3404,-2948,1272,-756,254,345,-813,970,-756,254,345
996,996,0,924,-2712,3396,-2940,1280,912,-2604,3388,345,-812,970,-757,255,345,-812,969
997,997,0,-2968,1280,832,-2692,3344,-2872,1300,824,970,-758,256,344,-812,970,-758,255
998,998,0,-2700,3380,-2932,1212,932,-2620,3412,-2940,257,342,-811,970,-758,257,342,-811
999,999,0,1220,948,-2612,3436,-2880,1300,960,-2708,-811,971,-759,257,342,-811,971,-759
1000,1000,0,3344,-2916,1212,948,-2620,3360,-2924,1344,-758,258,342,-811,970,-759,258,342
1001,1001,0,924,-2672,3388,-2900,1312,912,-2652,3396,341,-811,970,-759,258,342,-811,969
1002,1002,0,-2900,1260,900,-2668,3380,-2888,1332,832,971,-761,259,342,-811,971,-760,258
1003,1003,0,-2664,3388,-2908,1204,956,-2712,3412,-2900,259,342,-812,972,-761,259,342,-811
1004,1004,0,1252,940,-2612,3412,-2880,1300,936,-2684,-810,972,-762,260,341,-811,973,-761
1005,1005,0,3376,-2896,1296,876,-2696,3412,-2940,1288,-763,262,339,-811,972,-763,261,339
1006,1006,0,900,-2680,3348,-2940,1196,836,-2716,3364,339,-811,972,-763,262,339,-811,972
1007,1007,0,-2960,1240,848,-2652,3420,-2908,1264,816,972,-763,262,339,-810,972,-763,262
1008,1008,0,-2656,3388,-2916,1292,844,-2612,3412,-2924,262,339,-810,972,-763,262,339,-810
1009,1009,0,1220,948,-2684,3388,-2916,1176,904,-2652,-810,972,-763,263,338,-810,972,-763
1010,1010,0,3368,-2948,1172,948,-2712,3344,-2932,1204,-764,263,338,-810,972,-763,263,338
1011,1011,0,900,-2652,3428,-2908,1248,852,-2644,3408,338,-811,972,-764,263,338,-811,972
1012,1012,0,-2920,1212,848,-2644,3356,-2924,1232,832,971,-764,264,337,-810,972,-764,263
1013,1013,0,-2716,3396,-2924,1284,980,-2704,3444,-2940,264,338,-809,972,-764,264,337,-809
1014,1014,0,1264,932,-2644,3396,-2908,1244,960,-2652,-810,974,-765,264,337,-810,973,-764
1015,1015,0,3420,-2928,1244,916,-2720,3376,-2876,1228,-766,265,337,-811,974,-766,265,337
1016,1016,0,880,-2652,3412,-2940,1196,868,-2708,3388,337,-811,974,-766,265,337,-812,974
1017,1017,0,-2912,1272,980,-2724,3368,-2908,1240,972,975,-766,265,337,-811,974,-766,265
1018,1018,0,-2608,3388,-2868,1284,836,-2688,3428,-2916,266,337,-810,975,-766,266,337,-810
1019,1019,0,1228,852,-2700,3380,-2904,1192,936,-2716,-810,975,-767,266,336,-810,975,-767
1020,1020,0,3420,-2904,1196,956,-2636,3436,-2932,1264,-767,266,336,-810,975,-767,266,336
1021,1021,0,872,-2628,3348,-2908,1312,868,-2628,3332,336,-810,975,-767,266,336,-810,975
1022,1022,0,-2944,1204,956,-2652,3420,-2932,1232,864,975,-767,267,336,-810,975,-767,267
1023,1023,0,-2648,3404,-2900,1228,924,-2696,3372,-2932,267,335,-809,975,-767,267,335,-810
